item_1,item_2,n,r_obs,r_model,z_r,lor_obs,lor_model,z_lor
SYN001,SYN003,1123,0.12483305258568304,0.10332276733402512,0.7293936015139089,0.5503527907648559,0.4620054013079685,0.6674555144750777
SYN001,SYN005,2282,0.11548137921353172,0.10461479595423352,0.525123409347747,0.5133096318318242,0.46450857424734593,0.5220346060789927
SYN001,SYN011,2282,0.12109964742782717,0.12864648166210071,-0.3659861336366179,0.5385697295456481,0.5720486376063156,-0.35778049648744814
SYN001,SYN014,1159,0.1634267223355182,0.15053320922583235,0.4494622699760069,0.7387509530905849,0.669888186276064,0.5135432089725986
SYN001,SYN017,1159,0.2127133151119765,0.16660774197440384,1.6264249914030144,0.9731330998924093,0.7457902976391871,1.6630978357220725
SYN001,SYN019,2282,0.1464611821362375,0.1506107542151674,-0.20256539856577602,0.6697656331010063,0.6881200578220285,-0.19006894639271307
SYN001,SYN022,1159,0.12965313835428677,0.12653880064094186,0.10765402446534605,0.5846228635173271,0.5620424488569385,0.16941278857694905
SYN001,SYN025,1123,0.15648372568096158,0.12331064620656042,1.1324593505045375,0.6906136099374888,0.549804111492885,1.0600580392672614
SYN001,SYN026,1159,0.1019077901272312,0.12460330773211886,-0.7817097476693181,0.4601650673121063,0.5558866209069276,-0.7182914048723557
SYN001,SYN027,1159,0.12492258171304835,0.11980362677600506,0.1766904148964296,0.5644114465241351,0.5325030128391158,0.23891252130896334
SYN001,SYN030,2282,0.1248549407219515,0.1460473443870248,-1.030652317653434,0.5575441796177738,0.6513338413442488,-0.998286364915971
SYN001,SYN031,2282,0.10241619582239955,0.11319376805554998,-0.5205643831168721,0.4771059154267509,0.5301490245525481,-0.5407985004060115
SYN001,SYN033,1123,0.12337758826150291,0.10643215828098161,0.5747049483980727,0.5693548474777328,0.4964065656264762,0.5252177700547535
SYN001,SYN035,1159,0.11437846217835018,0.12006874634970428,-0.19616580825535562,0.5172741459597211,0.5331411993594001,-0.11876533068010658
SYN001,SYN036,1123,0.10789830839897792,0.12598573870106747,-0.6137319091938787,0.47446272652730803,0.5632167722177308,-0.6730849073730822
SYN001,SYN037,1123,0.17498496858144819,0.14329019452472613,1.0883734160547542,0.796994145694119,0.6556707867655993,1.0267569178092153
SYN001,SYN040,2282,0.11983287659012178,0.13201374842490382,-0.5908782385145894,0.5327968645464871,0.5871941543935609,-0.5815491224621462
SYN001,SYN041,1123,0.1132402190590637,0.14568462431185467,-1.1044114811440922,0.5138774512830728,0.6892512441420944,-1.2859573750515807
SYN001,SYN042,1159,0.3581940611851621,0.36645815492894074,-0.3234439270673334,1.6735185805270492,1.6952686489905138,-0.15126886021092242
SYN001,SYN043,2282,0.25614040744697164,0.2512431103785996,0.2498738372062061,1.2145613057405549,1.1884907153589372,0.2554846209661767
SYN001,SYN045,2282,0.16195365316988777,0.1382213979978309,1.1591212100218087,0.7213523781719419,0.6148401856978698,1.1326484873733342
SYN001,SYN049,1159,0.08988582455460742,0.10781580802663034,-0.6156524207487114,0.43661715660586226,0.5295880915316513,-0.6461081282693211
SYN001,SYN051,1159,0.2270447838086839,0.22434765312592472,0.09662444605713416,1.0443018047878494,1.01277263932872,0.22880264750018783
SYN001,SYN053,1123,0.09244885871840498,0.08277936609331106,0.3261090265704574,0.41838890753021823,0.38149215830948824,0.2715963610930968
SYN001,SYN056,1123,0.1875028536298189,0.14209948696938252,1.5622145240614231,0.9135726866303894,0.6989761051208855,1.4477909935866173
SYN001,SYN059,2282,0.12912637395026796,0.13294801271189124,-0.1856283465896115,0.5802128005928107,0.5984948453565727,-0.19313619104548774
SYN001,SYN061,1159,0.15600008718854125,0.14650744377446143,0.3303093064895724,0.7196743733985174,0.6687317648889596,0.3718829462907006
SYN001,SYN062,1123,0.15884806947175317,0.1564868932827643,0.08103455153175652,0.7323090271373567,0.7202018670101302,0.0869855637642805
SYN001,SYN063,1123,0.3631727364571747,0.35069335968024035,0.47862736927109145,1.6604857918892613,1.6138270164936568,0.3277533788091926
SYN001,SYN064,2282,0.17737491316205448,0.1719571556245612,0.26677727471233864,0.8236063418577705,0.7945023239059272,0.29553287550093565
SYN001,SYN067,1123,0.3678366729739591,0.3795194661563803,-0.4544463140778094,1.6626873585178048,1.7490466257738482,-0.6144717509616863
SYN001,SYN068,2282,0.14495443894097557,0.15595732928226896,-0.5374374670358995,0.6496574028130698,0.6979122106632559,-0.510813407539195
SYN001,SYN074,1123,0.1321188148379861,0.11143802289066142,0.7025571368520563,0.5913489643166117,0.5027006325175065,0.6586972526708834
SYN001,SYN077,1123,0.17890754359237476,0.15445744957618898,0.8416880434283062,0.7858997456083896,0.6873405456446777,0.744383313252689
SYN001,SYN078,2282,0.08356763602452996,0.09358484001782189,-0.481995806295358,0.38468874527628777,0.43272191020122147,-0.49630697953930725
SYN001,SYN083,1159,0.15693226546912717,0.1442177918788399,0.4423274327013442,0.7608312386250802,0.6685220977116683,0.6390546975494228
SYN001,SYN085,1159,0.12370983872365683,0.12000987080498218,0.12769531669973466,0.5602238105956088,0.5351284040420794,0.18743595181863248
SYN001,SYN087,1123,0.17391201124097327,0.1514528087021826,0.7720986947422286,0.7636720853688311,0.6737116711563679,0.6800676129324658
SYN001,SYN090,1159,0.13837809249271119,0.15085492683683627,-0.4332800597613174,0.6259459484797315,0.6725110731934304,-0.3481255882884641
SYN001,SYN092,2282,0.09223634015715683,0.09807566467268265,-0.28131077506630237,0.41203696683997126,0.43836284796915687,-0.28051161541351466
SYN001,SYN096,1159,0.17011044088088098,0.13366819931733598,1.2684535581663872,0.7731626454116993,0.595027217475115,1.31947752766277
SYN002,SYN006,2314,0.14153577788586363,0.1318367608638959,0.4751406261763458,0.5727624531359079,0.5336546621070617,0.463039525206211
SYN002,SYN008,1177,0.14461365829694425,0.16428529255715907,-0.6905191802035856,0.6213115231643846,0.7017341299112507,-0.6376734744461319
SYN002,SYN009,2314,0.13467632948286853,0.1328399750267743,0.08988703102985823,0.5782516388198251,0.5718577854812668,0.07124008460143375
SYN002,SYN010,1137,0.13673039025986233,0.13606417708234683,0.02285996583147917,0.5505096708048441,0.5527234270225343,-0.01846448613407246
SYN002,SYN012,1137,0.1520807906117456,0.11790214651068931,1.1724508231010091,0.6174127259536262,0.4797008160088043,1.1379279916007237
SYN002,SYN015,1137,0.18151757260385934,0.19755087194545518,-0.5600526995014765,0.7342114660487352,0.8054570315721976,-0.5900590580722558
SYN002,SYN016,1177,0.1598815381746313,0.14376619113865405,0.565212969381637,0.6537753839070743,0.5843991549247468,0.5788422346219205
SYN002,SYN020,1137,0.09992385854982723,0.1321949788383248,-1.1016673454267916,0.4047332730852034,0.5426761647860687,-1.1450827578572718
SYN002,SYN021,1137,0.12299270351914539,0.1055561141696528,0.5949609433853458,0.5025427288087854,0.4356706872730956,0.5496683379733729
SYN002,SYN024,1177,0.10033342880143234,0.12250576088615008,-0.7692890741322509,0.40906011424927496,0.49758980389993296,-0.7427189077696573
SYN002,SYN028,1177,0.12944930008640787,0.1684878586413479,-1.368155988430572,0.5274284347227178,0.6867878446041571,-1.3363488055793755
SYN002,SYN029,2314,0.11372659682644351,0.10783773832573515,0.28661265564732014,0.4613942255034436,0.437673427156731,0.2804505618996569
SYN002,SYN032,2314,0.11914822892909305,0.12756209781331032,-0.41073121531864165,0.48305802439969386,0.5179885184502011,-0.41323920306619133
SYN002,SYN034,1137,0.19477312283770007,0.15590272652773945,1.3506732878770933,0.7943568901034362,0.6367589880943596,1.2928286853568436
SYN002,SYN038,1137,0.1478783035024823,0.1507967346182123,-0.10051976298869507,0.5964064224806344,0.6124244802897757,-0.13329885251094942
SYN002,SYN039,2314,0.1213614177436883,0.12479646871140802,-0.16767288430047925,0.4909711574070793,0.5055314608864568,-0.1725989329802068
SYN002,SYN044,2314,0.12179447472633452,0.15763448630803104,-1.757440509395388,0.5114016563482753,0.6646305044145882,-1.7489664514021195
SYN002,SYN047,1177,0.1144949881126272,0.12165350455806465,-0.24874616493708787,0.46982776744227794,0.4991717117147131,-0.2445662609457892
SYN002,SYN048,2314,0.13502170190784954,0.15221079745031604,-0.8437544983937747,0.5462419967699983,0.6174841700602937,-0.8440121709421193
SYN002,SYN050,1137,0.09660365542698479,0.11326214955943362,-0.5672328527674595,0.40178403741026036,0.47678730349193865,-0.606053449814167
SYN002,SYN055,1177,0.1459049280443382,0.12794657395206518,0.6270946866898461,0.6010423144178866,0.5212890080868892,0.6606277388242949
SYN002,SYN057,2314,0.10796525631615063,0.1042462206032157,0.1808206625152502,0.43579595911878294,0.42111488188235713,0.1745257130096814
SYN002,SYN058,2314,0.14001228360371765,0.1656841308041433,-1.2637189282550358,0.5795906482735939,0.6898435636386254,-1.275228656926648
SYN002,SYN060,1177,0.34071859106133445,0.35705583536189006,-0.6373794930660858,1.4321572377612186,1.5019802796385664,-0.5567153727135512
SYN002,SYN065,1137,0.09300548205885721,0.12566176340725943,-1.1131071701151303,0.37799615478452914,0.5179589106090638,-1.1580661173988094
SYN002,SYN066,1177,0.5303146964868836,0.5030604134552494,1.2741918968852866,2.46733692208432,2.305027094364541,1.1066172690192428
SYN002,SYN069,1177,0.15006706620981428,0.14086378089599225,0.3221578458185784,0.6601108104221844,0.6163920478987345,0.3381013068717073
SYN002,SYN071,1177,0.11718260067404088,0.11648483711077184,0.02423881351795835,0.4786376294826934,0.4743722270368266,0.035693881912059695
SYN002,SYN072,2314,0.31822922662067166,0.3029872449252225,0.8109903860731054,1.3243199558852075,1.2580488281604056,0.7514943500096448
SYN002,SYN073,2314,0.1614187107940279,0.1500611118057121,0.5595712508662123,0.6563578510530684,0.6104672864054068,0.540095537976907
SYN002,SYN075,1177,0.16560652839862303,0.11244712384442437,1.8578178713355755,0.6941067035811372,0.46248270869004326,1.8819936178099932
SYN002,SYN076,1137,0.12790217634595955,0.14061419991704247,-0.4359405763937731,0.5182459020988192,0.5733993189653597,-0.45726267879124527
SYN002,SYN079,1137,0.12434741794298296,0.12350532037637892,0.028799868061238902,0.5013223097244762,0.5004990241752068,0.00686161564088585
SYN002,SYN082,2314,0.19835171059242132,0.19558299657068817,0.13847229852595233,0.808290860218956,0.7976036044334872,0.12521834106210988
SYN002,SYN088,1137,0.3163527153717233,0.3178981442466866,-0.057861223640132554,1.310036277757356,1.3250368946912063,-0.11986369699136856
SYN002,SYN089,1177,0.1488091677820669,0.16802640945442818,-0.6754270617163047,0.605943987686412,0.6831913436859938,-0.6476230103368212
SYN002,SYN091,1137,0.17951703582583917,0.14215301176237227,1.2918131627911587,0.7259678580720568,0.5772383899185877,1.2321856494090953
SYN002,SYN093,1177,0.1528243490774187,0.15337747847509822,-0.01940715262129936,0.624954581797089,0.6261857651184458,-0.010276085417766154
SYN002,SYN094,2314,0.1898149952784716,0.1840536188962791,0.28699565812232136,0.7726851497556465,0.7494576414510434,0.2725995778290834
SYN002,SYN095,1137,0.1623007884396926,0.18525410584741558,-0.7970605145601304,0.6564299157923241,0.7554173019029254,-0.8207924417039495
SYN003,SYN005,1123,0.09240246526653116,0.07497182055666568,0.5874706134211957,0.3704834166142494,0.30118863383314165,0.5778106930018827
SYN003,SYN010,1213,0.08879434981370385,0.10067833877773481,-0.4171340558401815,0.35679988630564863,0.4046077510515143,-0.4134874791302331
SYN003,SYN011,1123,0.12342547408487621,0.08684150546823244,1.23816353414845,0.49741103704861883,0.34945314735542976,1.2259433773599888
SYN003,SYN012,1213,0.03944081857783947,0.08704493365397306,-1.6628818138474653,0.1581578878768959,0.3503206455649425,-1.6673496145639364
SYN003,SYN015,1213,0.3442418925560336,0.3278796163028943,0.6416502158073437,1.4416299625429538,1.3663899159519144,0.6114168153925935
SYN003,SYN019,1123,0.0764505391913098,0.11344760508034939,-1.2495716760738795,0.3086051294270869,0.4573448317247674,-1.2324257391231188
SYN003,SYN020,1213,0.10308016732726218,0.08173141807302087,0.7490427808666281,0.4180037824741121,0.33062168678489484,0.7484536854771172
SYN003,SYN021,1213,0.017043451794993694,0.07227419480302938,-1.9255381993360683,0.06969371441396384,0.29435724564452787,-1.913061714038381
SYN003,SYN025,2336,0.059003552028508904,0.08174837494883423,-1.104117843905757,0.23624939478468351,0.3279946985360671,-1.1063281653312886
SYN003,SYN030,1123,0.08634392221877137,0.11310162062401431,-0.9045352760679493,0.3536482477349951,0.46577661221862876,-0.9151097055003317
SYN003,SYN031,1123,0.09964837719453551,0.11155245839759584,-0.4028844734603379,0.4102917049544789,0.45829049115702064,-0.3895048464843405
SYN003,SYN033,2336,0.05490440756525819,0.06729847510162477,-0.6008987698386241,0.22477112442265632,0.27547946016107455,-0.5980770277519438
SYN003,SYN034,1213,0.11441352865508217,0.09565557428441512,0.6597957065923314,0.46027990282243564,0.38498551819445287,0.6498713534826756
SYN003,SYN036,2336,0.10936756833344385,0.09318499141787041,0.7897552706568497,0.4389915870262558,0.3739674888479685,0.7810594086185247
SYN003,SYN037,2336,0.0878147430215301,0.098747099400712,-0.5326858288611068,0.3536733374081441,0.39820936033584325,-0.5335204731209481
SYN003,SYN038,1213,0.11490236989997399,0.10083319774148546,0.49516696435671953,0.46127825293839875,0.40489867961314296,0.4876389480869496
SYN003,SYN040,1123,0.023988534916192673,0.09338281368058467,-2.331354788249412,0.09678901673702872,0.3759553642284342,-2.315860205611764
SYN003,SYN041,2336,0.1337095645749167,0.10545064395772315,1.3848379083272417,0.5496764230717381,0.4321006351505938,1.3768245157507932
SYN003,SYN043,1123,0.09140708305879099,0.0947555712986589,-0.11304136517451117,0.3666107617422338,0.3811243257776882,-0.1209881958163077
SYN003,SYN045,1123,0.10221841027176116,0.11187269483056815,-0.32684201640619054,0.4160116317834527,0.4568190099149966,-0.3350177366508309
SYN003,SYN050,1213,0.0743844245259592,0.07002592820724755,0.15240535592617213,0.30794709832121364,0.28978955963604025,0.15246168535818252
SYN003,SYN053,2336,0.0815560716683569,0.06438141777271113,0.8340169514353791,0.33315550664395394,0.2628550375751771,0.8303599030994213
SYN003,SYN056,2336,0.11405469094781191,0.08702634277819313,1.3189156921138057,0.47902053185439786,0.3648000923287347,1.309898429237749
SYN003,SYN059,1123,0.11054012395021137,0.09527671933482275,0.5162892502549753,0.44359618078584584,0.3825574130277079,0.508217467901541
SYN003,SYN062,2336,0.0909491420341016,0.10396039476639965,-0.6344936781078854,0.3666873731437467,0.41961846649024437,-0.633346053513793
SYN003,SYN063,2336,0.08451949121243886,0.08417438661416282,0.016788384625806566,0.3689877851473784,0.3696518157462065,-0.007330970387178405
SYN003,SYN064,1123,0.06811760699086984,0.12047545072714169,-1.7683712223142938,0.2735734771812929,0.4866170431503851,-1.774677412843897
SYN003,SYN065,1213,0.07917518498590105,0.07769216509647253,0.05190625612840798,0.3220298882758449,0.3154517141526817,0.05621998130743346
SYN003,SYN067,2336,0.12074638835193757,0.09109330812814873,1.4486408379996898,0.495884612860144,0.374344752202189,1.4255228071891541
SYN003,SYN068,1123,0.13452520272046392,0.12352485726617854,0.37437845340947185,0.5562726804479614,0.51403914800337,0.3406269553933807
SYN003,SYN074,2336,0.06187530658477901,0.08760172303050834,-1.2496661272465202,0.24834423885239928,0.3522439686022352,-1.249837649861168
SYN003,SYN076,1213,0.15855503778411142,0.17819414403854014,-0.7031056612542389,0.6476458427865568,0.729816626501073,-0.696686450226642
SYN003,SYN077,2336,0.1016418330050338,0.11440830431729482,-0.623924813885843,0.4140378117724136,0.4672675486334923,-0.6300339826941297
SYN003,SYN078,1123,0.11872402836424448,0.09222785982007768,0.8967628748663459,0.4865050590574606,0.3770190443525491,0.8920666169228644
SYN003,SYN079,1213,0.08163671082996635,0.08172056989919757,-0.0029366337344767183,0.32822558381197203,0.32912206796861376,-0.007749898623311661
SYN003,SYN087,2336,0.21275742716192225,0.221710325565473,-0.45385656381129447,0.8771860350918176,0.9173245261905667,-0.4662224672131098
SYN003,SYN088,1213,0.13170441531535598,0.12900836884310543,0.0954033536680579,0.5296584497986748,0.5195761995922994,0.08698624957584963
SYN003,SYN091,1213,0.07767089557666643,0.10163196961018157,-0.8402824367151552,0.3119356541554792,0.4082540148539475,-0.8337704784030243
SYN003,SYN092,1123,0.11818617112383223,0.14706042651985657,-0.9836927673451225,0.47420244045180365,0.5928758782900797,-0.9879685795493345
SYN003,SYN095,1213,0.16349768807623588,0.11788185826648316,1.619100445068007,0.6634302923570717,0.4764825233408435,1.5955631781663904
SYN004,SYN007,2191,0.0892856929841544,0.11589127997397917,-1.257819745703975,0.36625812433785554,0.4776569444157759,-1.2683696338671986
SYN004,SYN008,1097,0.12813387486286557,0.11205572877908242,0.5395901518872327,0.5494262349517594,0.4834330336370184,0.5066585812482657
SYN004,SYN013,2191,0.12241818442870372,0.09611652441157677,1.2452305950967728,0.5190403079629101,0.4073186517420987,1.2287578380810322
SYN004,SYN014,1094,0.14320235235502815,0.11667534200867877,0.8912994741965359,0.5925118635965523,0.478970823927399,0.9031554499203931
SYN004,SYN016,1097,0.2613873830338128,0.2579730087062075,0.12109904206444241,1.081402147732628,1.0753862709058721,0.0474975073446641
SYN004,SYN017,1094,0.15760175593640488,0.10706473691487062,1.6993999484886417,0.6522276187752877,0.43850438740289804,1.6979346567665112
SYN004,SYN018,2191,0.09298858080774496,0.08699998397506481,0.28241108902580064,0.38948951790119396,0.3645282715116817,0.27814689668793424
SYN004,SYN022,1094,0.12101706252249739,0.07966443445092654,1.3799880276016439,0.5001950226503385,0.32665449288998044,1.3836334028852177
SYN004,SYN023,2191,0.1318306231617625,0.1245474387599502,0.34637205413962857,0.5406227270093377,0.5112177156658861,0.3343404953541513
SYN004,SYN024,1097,0.016534737086834346,0.08153264063625071,-2.155798966672598,0.06699472480017273,0.33500726760711225,-2.185974197130274
SYN004,SYN026,1094,0.10907586679491936,0.10067402467048583,0.2806032852769338,0.4496294995866177,0.412205908599688,0.2992937324367081
SYN004,SYN027,1094,0.11878667700110666,0.1214199614990522,-0.0882512089928813,0.490268901405099,0.49786167947060256,-0.060627466146812935
SYN004,SYN028,1097,0.08448413097366379,0.07645358684613941,0.26734825163195036,0.3438304048346577,0.313430309298334,0.2467795016120413
SYN004,SYN035,1094,0.19546977809306323,0.16685711317211915,0.977233307949068,0.8166559914831623,0.687309786147533,1.0149586920172131
SYN004,SYN042,1094,0.10158883178390574,0.10309875134034197,-0.050401002275213554,0.4223867320852408,0.4255129379871167,-0.024805919507508985
SYN004,SYN046,2191,0.17047621499674556,0.14775523585002115,1.0904577294723596,0.7042826507744175,0.6099150958779272,1.0625867949985837
SYN004,SYN047,1097,0.049208408343074626,0.08234008746777384,-1.1007169376275556,0.2026987499340018,0.34117844987543583,-1.1130953033042197
SYN004,SYN049,1094,0.09848414643150814,0.07297006771601852,0.8490244170602167,0.43990350244279497,0.3193847443136836,0.8869872332308346
SYN004,SYN051,1094,0.11670591946660866,0.1159040246464639,0.026850015315165197,0.48207296752032813,0.47517664523007025,0.055030304275222736
SYN004,SYN052,2191,0.08561639948797167,0.08324012629247418,0.11195075684194872,0.3534744251790283,0.3443288168621896,0.10345372372739976
SYN004,SYN054,2191,0.10130209879330489,0.076398476524989,1.174225784054121,0.41846607652494894,0.3151177712776722,1.1677661240574102
SYN004,SYN055,1097,0.10780333777490557,0.085056752078215,0.7594545376353778,0.4401982266963606,0.35050691636176445,0.7250335236411486
SYN004,SYN060,1097,0.0768073287060195,0.09319551740003547,-0.5460079502951831,0.31160442383169207,0.38175479894509395,-0.5716650975384532
SYN004,SYN061,1094,0.12221456186882286,0.09447599244707001,0.9271588839731474,0.5105135543148686,0.38963329625858584,0.95261894631533
SYN004,SYN066,1097,0.11234464562086363,0.131304325184659,-0.6365718319365787,0.46722872030177987,0.5528968966550603,-0.680107009419905
SYN004,SYN069,1097,0.10253281897652906,0.09608038176263105,0.2155451300362484,0.4538497467688974,0.425153894630588,0.2134986178654521
SYN004,SYN070,2191,0.18883503525936018,0.15169860105542415,1.7891965919234258,0.7983710731232392,0.6372463511448264,1.767960965811703
SYN004,SYN071,1097,0.11683331468558612,0.07960193803104908,1.2435986506478445,0.4809917114930287,0.3281176673592651,1.2248769655235123
SYN004,SYN075,1097,0.09331533343020003,0.07569347510710214,0.5870626250835878,0.3842538126495753,0.3151832747433942,0.5537568834569161
SYN004,SYN080,2191,0.09964975176577842,0.09880101404532579,0.04009537706822477,0.40775149587668963,0.4047094943490349,0.03471457533724589
SYN004,SYN081,2191,0.1476847393444908,0.16240967162729952,-0.7057544375924458,0.6144095086189286,0.6786222592885041,-0.7186458585813374
SYN004,SYN083,1094,0.10656090661371018,0.10611462005134634,0.014909567663546109,0.4424236251658746,0.4424921741147668,-0.0005440309199671969
SYN004,SYN084,2191,0.11740234893062143,0.06883761380380332,2.2920081603663105,0.48332103101970486,0.2824493964282772,2.2762262189235356
SYN004,SYN085,1094,0.09266514003383312,0.09950418754163738,-0.22800160909976722,0.3816081322727872,0.40739348896640026,-0.20655731808061098
SYN004,SYN086,2191,0.12650838101192524,0.11971336108600973,0.3227370891222136,0.5184907834509765,0.4908079090583189,0.3150515166714643
SYN004,SYN089,1097,0.09053333606071362,0.10035678480411005,-0.32790704517823793,0.36905982002781146,0.41113039552256886,-0.34108560795114123
SYN004,SYN090,1094,0.1508068148107733,0.11626779359842439,1.1616729379940873,0.6329288919632045,0.4828729292588342,1.1759820265911527
SYN004,SYN093,1097,0.10311653187661923,0.09813268440561793,0.16653063172292148,0.42092825738347733,0.40395859092696484,0.13732456275167776
SYN004,SYN096,1094,0.12095974956782622,0.134322739117333,-0.4487008917508666,0.4991131473268493,0.5512775741157822,-0.4165675187321577
SYN005,SYN011,2282,0.06910606016743556,0.09543771093217114,-1.265685459717498,0.27770355083319304,0.3843853913995627,-1.26665092848405
SYN005,SYN014,1159,0.07019898633098022,0.10167350314021441,-1.078187692786884,0.2835342700005568,0.4106075523906503,-1.0694447895193764
SYN005,SYN017,1159,0.2994390752266701,0.30595060101974636,-0.24372410301129788,1.2382262403855877,1.266631183539645,-0.2298816618317147
SYN005,SYN019,2282,0.09629339646893222,0.11795914897177676,-1.0463493862364428,0.3890586462986081,0.47728612614032206,-1.040894693517033
SYN005,SYN022,1159,0.06363408140564535,0.07088357642862175,-0.2476040336669502,0.2568925628945402,0.2859011358702385,-0.24429889559656448
SYN005,SYN025,1123,0.13854574890733432,0.10582118847790155,1.1118775105437826,0.557354816914059,0.4256955810068688,1.0922106915449452
SYN005,SYN026,1159,0.0918276959870061,0.09405738803640175,-0.07647013567011937,0.3691503557207843,0.37806142109244534,-0.0752920273904065
SYN005,SYN027,1159,0.11521762648410491,0.07286764682622239,1.4529743819749017,0.46419803846515845,0.2930081932336195,1.4420630727681625
SYN005,SYN030,2282,0.10447612931920125,0.09226329429038932,0.5887315040982947,0.42856738900900604,0.3784906445120662,0.581695483178259
SYN005,SYN031,2282,0.13682219521224434,0.1127936084707537,1.1653093092627167,0.5668490637961991,0.4661709059549762,1.1556580391629108
SYN005,SYN033,1123,0.12402291026721232,0.07394226166733449,1.6929739885824662,0.5116903719204605,0.3040606534494846,1.6792368854303799
SYN005,SYN035,1159,0.06435252246756375,0.08128758458476187,-0.5788758822361196,0.2583530473022566,0.32781859364197163,-0.5881656353661008
SYN005,SYN036,1123,0.07524543651431782,0.08348490703934587,-0.2774949283540842,0.30139596105548117,0.33533646043894316,-0.28342697784926163
SYN005,SYN037,1123,0.07115694736367881,0.10054952217352818,-0.9910419192740698,0.28687991571905763,0.40687434805471995,-0.9954613956554232
SYN005,SYN040,2282,0.07347573141712654,0.0732809218613286,0.009350334425850622,0.2953733947713083,0.2948352426917752,0.0063864811348937674
SYN005,SYN041,1123,0.17741315839579458,0.1731022725631753,0.14884180983014683,0.7306124805693888,0.7199605743542614,0.08605391439974604
SYN005,SYN042,1159,0.07891712688461446,0.08905819548097564,-0.3472488610208826,0.32192284289551065,0.36225814222806685,-0.33602880984378125
SYN005,SYN043,2282,0.1017678786501229,0.08930915658814309,0.6002522689246018,0.41045082254750964,0.3600574390547605,0.5955002268153624
SYN005,SYN045,2282,0.10773253425177107,0.09605842181430439,0.5631627796615473,0.4388133980463789,0.3911698838307029,0.557337616181978
SYN005,SYN049,1159,0.12243263225457891,0.08512910456689106,1.2822859519171326,0.5202672516622464,0.3636622523248111,1.2481843486226287
SYN005,SYN051,1159,0.0850649537300565,0.10608184781377411,-0.7211894678823121,0.3422667412476185,0.42755445438480194,-0.7201703036512891
SYN005,SYN053,1123,0.032171204594070205,0.0670506338372297,-1.1702891605380612,0.13092662532452384,0.27484076315064726,-1.1831032069098746
SYN005,SYN056,1123,0.13079051520126783,0.09430514152839377,1.2368455494764063,0.5476851338431006,0.3981379558283243,1.1907219498525172
SYN005,SYN059,2282,0.2497850894219837,0.2441394614173029,0.28702248530630214,1.0239082308621756,1.0006527888121792,0.2678852076253597
SYN005,SYN061,1159,0.1927034510011308,0.16826500712707132,0.8589350292304996,0.7848646230667954,0.6847972865077445,0.8300940170922615
SYN005,SYN062,1123,0.06999360725517677,0.09695273548485146,-0.908612580159964,0.28461590438193984,0.39246882989051624,-0.8869944002770589
SYN005,SYN063,1123,0.04166937873999102,0.08522696891911026,-1.4638439508092629,0.181975302471458,0.3724663449246008,-1.4604328003060778
SYN005,SYN064,2282,0.16252860177876646,0.12923089831997317,1.6243250881984785,0.6627396193528003,0.5243960296550971,1.6120301948150677
SYN005,SYN067,1123,0.10675506539374534,0.09223241003422221,0.4908892966403831,0.43795298683282663,0.3783389914966458,0.4854691715789954
SYN005,SYN068,2282,0.08337388376873477,0.10533707538734412,-1.0579610558622705,0.3448215595275791,0.4360872105515958,-1.0522654706412382
SYN005,SYN074,1123,0.11290873503747091,0.0909784579335997,0.7416661867910134,0.4557824493566878,0.3668852982684728,0.7356068918277263
SYN005,SYN077,1123,0.10651593415436705,0.10530542010982695,0.04097112982906677,0.43145472029393317,0.4290286167616374,0.02001374685184959
SYN005,SYN078,2282,0.11507476493944427,0.09325400139156106,1.0531694028728074,0.4734925022665505,0.38306997271805937,1.0463838078426766
SYN005,SYN083,1159,0.06513181525118163,0.10698944700843352,-1.4339959209238844,0.26766795697590207,0.43591758515120693,-1.3905622395524297
SYN005,SYN085,1159,0.08077032084551863,0.08708011536250088,-0.21605552535802786,0.32450121848415525,0.3498667042373959,-0.21452251930598631
SYN005,SYN087,1123,0.10070185272273896,0.10009365798994917,0.020561341858928068,0.4080308974502507,0.4070089893389577,0.008429282791371768
SYN005,SYN090,1159,0.1091395318326608,0.1044205824406568,0.16229507974612362,0.4473953332211439,0.4282215341896391,0.15875686989767623
SYN005,SYN092,2282,0.05585726439001736,0.08073166284286985,-1.1931032167135218,0.22412327152987432,0.3244741835923045,-1.193532247529572
SYN005,SYN096,1159,0.07966006080461734,0.09078125177269833,-0.3808907757829254,0.32038200752138424,0.36531365804938587,-0.37962628894668665
SYN006,SYN008,1177,0.17498778370889487,0.16395840047008284,0.3890867159742065,0.7384243709018078,0.6896389379684269,0.3933886189486073
SYN006,SYN009,2314,0.12736849157684388,0.1453478120980663,-0.8807185875099732,0.5391965477555548,0.6178359260829507,-0.8895768979932429
SYN006,SYN010,1137,0.20588846407089725,0.13942519786717888,2.307898660327695,0.8342594879376998,0.56230317093705,2.244800126811828
SYN006,SYN012,1137,0.050763324858858844,0.11372538397756436,-2.135411152264081,0.20391925766285687,0.45881608607079005,-2.1365872057802378
SYN006,SYN015,1137,0.17299408561494273,0.15359162777609636,0.6712994168763664,0.6980571831623731,0.6200969975975622,0.6475981003342693
SYN006,SYN016,1177,0.07381056125698798,0.09549219756778844,-0.7482849855686743,0.2976615150360877,0.38538829259885116,-0.744993232967486
SYN006,SYN020,1137,0.09608674940097234,0.13193193951288706,-1.2231199319234005,0.38808975911317906,0.536358156720401,-1.2346097832015632
SYN006,SYN021,1137,0.0964720924083216,0.11549497991881093,-0.647892027895267,0.39198556620915753,0.4724695528950393,-0.6660950871192713
SYN006,SYN024,1177,0.13482222324762513,0.11816591222940952,0.5800013044899068,0.5437380192946809,0.4761032985610977,0.5730299180277363
SYN006,SYN028,1177,0.08354766814205436,0.1050448316359996,-0.7432101164644754,0.33476394727998926,0.4222748957765005,-0.747752326430627
SYN006,SYN029,2314,0.0755974831166567,0.10518825444994569,-1.4343409793758874,0.30371775489185077,0.4235999911772288,-1.4333385726857544
SYN006,SYN032,2314,0.09587977043576006,0.09583659978513384,0.0020945833934112312,0.3866940491103896,0.38686734419037455,-0.002062745315559414
SYN006,SYN034,1137,0.1532231248209069,0.13896345825462705,0.4906747135330049,0.6196400234309235,0.5616204001046745,0.48134560464124043
SYN006,SYN038,1137,0.16256302937718153,0.1470917837995494,0.5338006116235284,0.655367071783725,0.5929964187394955,0.5188756075539513
SYN006,SYN039,2314,0.11312332386045984,0.12173032288212907,-0.41955101936293365,0.45444705323157686,0.489640793632323,-0.420326334049189
SYN006,SYN044,2314,0.11819419253986503,0.12264706262213868,-0.21721241106096884,0.49628568813697127,0.5164890832076433,-0.2306078684596699
SYN006,SYN047,1177,0.13946075059349525,0.11075128341718743,0.9994073497266475,0.5694104995760526,0.45325364512527244,0.9716130311815125
SYN006,SYN048,2314,0.1763584191065631,0.14847110427956767,1.37704643753196,0.7124925768445448,0.5984071149589867,1.3506461642063874
SYN006,SYN050,1137,0.13859939153948792,0.11303678245638984,0.8747163518580756,0.5772236948290317,0.47024843992694587,0.8615870615306187
SYN006,SYN055,1177,0.15771280617549305,0.15179025875214142,0.2079079442949135,0.6399405062360481,0.6147696873316839,0.21168245091419174
SYN006,SYN057,2314,0.0826528463275897,0.09490699735300281,-0.5937798684115531,0.3311887949960864,0.38083812860328564,-0.5951036126784539
SYN006,SYN058,2314,0.18145477353078002,0.15635408302691484,1.2421724718428422,0.747754016306098,0.6422523314582246,1.2230002956889634
SYN006,SYN060,1177,0.15423254660528996,0.09512289443351331,2.057941368511928,0.6244285213761487,0.3829375385052874,2.036089079520708
SYN006,SYN065,1137,0.1352704777957329,0.12541172376301324,0.3377333281125412,0.5504459019197491,0.5116992946908836,0.31967641813586944
SYN006,SYN066,1177,0.10048224241104668,0.13401983069197798,-1.165256345084038,0.4224646535585759,0.5605505824968192,-1.1231349501807144
SYN006,SYN069,1177,0.1546536654393701,0.14058349253533756,0.4928445002675867,0.6633375154440918,0.6052296972681407,0.46136575838676464
SYN006,SYN071,1177,0.14162857055323724,0.10962710832926333,1.114173441788993,0.5715894827603349,0.442518295714809,1.0924162298258924
SYN006,SYN072,2314,0.24759814107974834,0.24002563082562045,0.3870419666392723,1.0122262448479697,0.9809434020978327,0.3639980652070564
SYN006,SYN073,2314,0.3948956235491151,0.4074195390164153,-0.7175505793858555,1.673195622790393,1.7351640285790475,-0.6828330208564868
SYN006,SYN075,1177,0.1423253391492242,0.11341691219274934,1.0070502938112924,0.5827206595030842,0.46205196019884887,1.0062027932218969
SYN006,SYN076,1137,0.1253075799807229,0.10447972253658142,0.7107862001887865,0.5074239688077041,0.42372303248111515,0.6944078079377154
SYN006,SYN079,1137,0.08656108819144166,0.10050357667901104,-0.4736638313986032,0.3477709879853248,0.40489868197030826,-0.4784389627502202
SYN006,SYN082,2314,0.20618760253249666,0.17433235572329706,1.5890492112285615,0.8362625940619703,0.7046483357390503,1.5490026036001001
SYN006,SYN088,1137,0.24446857070940106,0.2571711399658869,-0.45648338905529157,0.9969136234451791,1.0529215498758375,-0.4579422527840668
SYN006,SYN089,1177,0.15176187424187634,0.13166156585789068,0.7028510100782168,0.6110488464213686,0.5312848888184488,0.6764288867214991
SYN006,SYN091,1137,0.2531125609821327,0.2232036727110672,1.0678455114663086,1.0332762268825837,0.9091910160509193,1.0127225669119553
SYN006,SYN093,1177,0.15373506720158114,0.15716616778432002,-0.12047350346874305,0.6241785587252336,0.6405916659548387,-0.1379838249492054
SYN006,SYN094,2314,0.08677762466669289,0.10893955502871812,-1.0757347015934657,0.3477988274673701,0.4375738880965181,-1.0756767514371184
SYN006,SYN095,1137,0.15924382902070014,0.15431137225877875,0.17028594456932553,0.6434177211163373,0.6250767329993475,0.15226016107449458
SYN007,SYN008,1097,0.1870103379631701,0.18383764591127993,0.1086755095985978,0.7842410219935427,0.7707713294815012,0.10547141627386376
SYN007,SYN013,2191,0.11053209967795467,0.10945202671312045,0.05114027347347547,0.4676074937057893,0.463172043990952,0.04889738723678731
SYN007,SYN014,1094,0.18421401608571078,0.15293741433100658,1.0633912458084984,0.7500368132609705,0.6224806793616143,1.0288866681629765
SYN007,SYN016,1097,0.1546957251267211,0.12899148280645217,0.8676944304374866,0.6282157753971281,0.5239246547598208,0.8460617588901713
SYN007,SYN017,1094,0.14769654166142807,0.17201886966294155,-0.8244877998217037,0.5955793457460661,0.6981000418585462,-0.8369799028656938
SYN007,SYN018,2191,0.1649280495554486,0.15303459391985952,0.5707625041512082,0.6759126682962154,0.6269184964368827,0.5564432178739017
SYN007,SYN022,1094,0.13879981873100883,0.14483133497092632,-0.2033123404872123,0.5621757627407105,0.589080947119005,-0.2187473955331177
SYN007,SYN023,2191,0.19982591353510645,0.1723455734061554,1.331629469226258,0.8112593181236705,0.6977547373787583,1.2990087650608078
SYN007,SYN024,1097,0.11965019278227551,0.12770810466215304,-0.27066259533292053,0.4820277235331792,0.5151510157560435,-0.2714139519412156
SYN007,SYN026,1094,0.26376392943052157,0.23011597116193583,1.183725288952838,1.0807369207730104,0.9400406274884202,1.1208578225041608
SYN007,SYN027,1094,0.15316429816604032,0.13338338729755927,0.6670863250225256,0.6194056673466447,0.5395076551102244,0.6501720496236553
SYN007,SYN028,1097,0.06832698314725329,0.11781454962597822,-1.6514888192628043,0.2743980511976745,0.47446825204626136,-1.6473967113379435
SYN007,SYN035,1094,0.17992463980135132,0.23455510821870854,-1.8860148620571737,0.741878655584091,0.9664534213735347,-1.788074842016455
SYN007,SYN042,1094,0.13136024342129712,0.11740298928696266,0.4682646414272733,0.5370069739257695,0.480575679513502,0.4545943577450101
SYN007,SYN046,2191,0.14474494108679387,0.15307688884001736,-0.39857643933412334,0.5918978845984758,0.6277726454322881,-0.40879413792159885
SYN007,SYN047,1097,0.1490193168476302,0.12345465047346049,0.8616109105337404,0.6162918489296594,0.5085539835964499,0.8578694777282604
SYN007,SYN049,1094,0.1358374746264482,0.12709675455964287,0.2937882320043385,0.58145225684729,0.5404602541647997,0.3149109888813339
SYN007,SYN051,1094,0.2105077145557148,0.144542114891231,2.250717172131507,0.8598954969309945,0.58581707799903,2.199359470376237
SYN007,SYN052,2191,0.218629427860151,0.2086666059307865,0.48831579725716945,0.8930237335670215,0.8525597650478134,0.4595374576517168
SYN007,SYN054,2191,0.14623603357862197,0.12533867057570716,0.9958978891723861,0.5916197603606493,0.506830952762994,0.9769045512677872
SYN007,SYN055,1097,0.13353929988661958,0.11201217170594578,0.7229515200190868,0.5386710114985508,0.45197343856344446,0.709053730939277
SYN007,SYN060,1097,0.07498547281755387,0.12216018580294025,-1.575951966028799,0.30160056698857013,0.49433564885896975,-1.5839114394700784
SYN007,SYN061,1094,0.12717158189816943,0.14844312756771197,-0.7162363521804398,0.5129926583685475,0.600665601599699,-0.7162071569292393
SYN007,SYN066,1097,0.14291241416855738,0.1721130072430024,-0.9904808332902975,0.598498115177859,0.7303750885029174,-1.03686154746306
SYN007,SYN069,1097,0.1272137544431844,0.15762863169916236,-1.026907781935589,0.547953424320546,0.6754941856059735,-0.9757059920366752
SYN007,SYN070,2191,0.11879928343037867,0.13655045079387454,-0.8441131245069818,0.48169669437334983,0.5551570970934371,-0.8455152728894837
SYN007,SYN071,1097,0.2189162637821854,0.21047769416507478,0.29260079583137116,0.8950983000072515,0.8584296061079033,0.29420552732708716
SYN007,SYN075,1097,0.14843023242372919,0.11885486794326232,0.9960934734506667,0.6034334697026517,0.4837758415495264,0.9701307155423152
SYN007,SYN080,2191,0.1413300714789256,0.14199182463597254,-0.03158811281293777,0.5694303893169099,0.5729054400743993,-0.04021586508174634
SYN007,SYN081,2191,0.15680416763614147,0.13843267959988753,0.8785167122409909,0.6351147259713462,0.5605696386320507,0.8573861078700107
SYN007,SYN083,1094,0.19188256941909118,0.1468387083798186,1.5320451330652027,0.7776663180549269,0.5977473903265716,1.4576739564907537
SYN007,SYN084,2191,0.11265547122779022,0.11971860885949111,-0.33490830474800853,0.4531624756005657,0.48254095959805215,-0.34097083251682714
SYN007,SYN085,1094,0.15499211240517027,0.12065870607704966,1.1561263092323588,0.6245524151433399,0.4861392424096139,1.1304455610179407
SYN007,SYN086,2191,0.19056629746389978,0.1633640655499924,1.3136437333248683,0.7750999401691198,0.6630179260608732,1.2809645147799364
SYN007,SYN089,1097,0.15911785547766044,0.16124133101579893,-0.0720849269927004,0.6500505413675277,0.6549739755109368,-0.03968347508584225
SYN007,SYN090,1094,0.28242620199454543,0.26252903057338933,0.7099498129203926,1.2044908110171126,1.1140567027577823,0.6878887957548225
SYN007,SYN093,1097,0.16975977037438464,0.178406936353778,-0.29495138902826895,0.6957304543515268,0.7333543387706382,-0.30206355900691895
SYN007,SYN096,1094,0.13429852551939045,0.14301720675247173,-0.2936278581684734,0.5413684533568719,0.578954113813409,-0.30714583101105586
SYN008,SYN009,1177,0.16217742310460675,0.189982920201657,-0.9832759236157592,0.6941157404501782,0.8161848222848577,-0.9717129322228362
SYN008,SYN013,1097,0.1516653516760594,0.1316254801938333,0.6764281494125303,0.6787073658975166,0.5905014763832223,0.6465228216025748
SYN008,SYN016,2274,0.12712267229933474,0.12472236578469777,0.11622968467427569,0.5390544067545284,0.5282650702083812,0.12076685529538643
SYN008,SYN018,1097,0.15988508583553315,0.16626285478440941,-0.2167128725409983,0.6733946830101858,0.6984665509455625,-0.19591004525666095
SYN008,SYN023,1097,0.26928665271514673,0.21418656443461168,1.9362308082769633,1.1584263138078716,0.9078256774168004,1.8933151606972995
SYN008,SYN024,2274,0.17105397508755063,0.1593589217134809,0.5729734130215275,0.7166369856764829,0.6661054652048504,0.5712104039531415
SYN008,SYN028,2274,0.12408417221105605,0.12476061219166433,-0.032742642128603366,0.5177726982720707,0.5200354515717335,-0.025760253870860183
SYN008,SYN029,1177,0.09429345908521061,0.1351657780753093,-1.419326790574703,0.39246479376173565,0.5636683003857181,-1.407608445858531
SYN008,SYN032,1177,0.1125857316698229,0.12695109776134908,-0.49938282717050675,0.47574352945550125,0.5381178673725205,-0.5041201886884139
SYN008,SYN039,1177,0.19305744734271693,0.1564221584792166,1.2949634544763795,0.8123098773724358,0.6547265155645487,1.2729342472129548
SYN008,SYN044,1177,0.1780731368772274,0.14293126345040277,1.2360731286715387,0.8011502254610982,0.6445001367961174,1.1798132736209657
SYN008,SYN046,1097,0.1841086893484503,0.16547092875461317,0.6359050001294442,0.7910094177378678,0.7140793915614134,0.5870458903726138
SYN008,SYN047,2274,0.12823636727498586,0.12765740057018857,0.028049852524482402,0.553958139477839,0.5518104024708891,0.023581354928883302
SYN008,SYN048,1177,0.17727382623251775,0.1907837755896765,-0.47913563165322304,0.7469433753412623,0.8051208696881701,-0.46980114841826504
SYN008,SYN052,1097,0.061296819878375014,0.1213047911838479,-2.0021143657581906,0.2551773609483091,0.5060046003914139,-1.9932890657883604
SYN008,SYN054,1097,0.41252088375338286,0.40689244099386873,0.2237189490172453,1.8157431255407843,1.7902819926366993,0.1837412749816654
SYN008,SYN055,2274,0.12348433903252395,0.11880765863693694,0.2261872934781397,0.515265942167935,0.4949850951877211,0.23091594196021867
SYN008,SYN057,1177,0.09785847033703406,0.12536487375450112,-0.9544233239126239,0.40798668801148874,0.5238529200418669,-0.9504157700683954
SYN008,SYN058,1177,0.343669807605116,0.3821799825106864,-1.5200096405383747,1.478046339736971,1.6595383355853857,-1.4083486466918336
SYN008,SYN060,2274,0.14207919572268915,0.11853516757004223,1.1414286899004984,0.6019943588030693,0.49930402549830977,1.1493519541032693
SYN008,SYN066,2274,0.17868995972666765,0.16700567390625323,0.5739702407928482,0.8108946637814477,0.7515443169081981,0.6161982097984473
SYN008,SYN069,2274,0.5056558768439722,0.5117167624963364,-0.38966477349806555,2.3287702117298177,2.361194244521871,-0.31314040290209116
SYN008,SYN070,1097,0.1303279613725686,0.1357093539284244,-0.1811997797590589,0.5450569325318578,0.567347605024847,-0.1757678350900968
SYN008,SYN071,2274,0.25561062078075625,0.2649409140439122,-0.47694993259765917,1.0830688843617562,1.1234383541833315,-0.4475179510474135
SYN008,SYN072,1177,0.2245474300297157,0.18215022222681682,1.5156228929859452,0.9631015366586834,0.7734773208797094,1.4961113524891683
SYN008,SYN073,1177,0.19522964095609122,0.18662306099758477,0.306051771837645,0.8219610356966995,0.7832179215732652,0.31269690863266697
SYN008,SYN075,2274,0.1647193413721863,0.14844118927235475,0.7952523343687397,0.691352140857472,0.6217873913093465,0.7853325132802369
SYN008,SYN080,1097,0.2644429321098667,0.26674276294334326,-0.08184156246700014,1.135765959397513,1.14371146003516,-0.06016983423972236
SYN008,SYN081,1097,0.12094515675544665,0.1578111968741257,-1.2436811380063006,0.505267699072871,0.6595214849808011,-1.2183118092754142
SYN008,SYN082,1177,0.19688214027170337,0.21236570992265968,-0.5537219911654558,0.8327603665292933,0.9002921307292242,-0.5422663580703532
SYN008,SYN084,1097,0.15920166944679692,0.14030229939278513,0.6394706738528254,0.6656175622259082,0.5853988706430696,0.6314046944549774
SYN008,SYN086,1097,0.1701238659239899,0.17580156868646712,-0.19358574249753221,0.7207993117713909,0.7461885005696489,-0.19685665406017216
SYN008,SYN089,2274,0.14985262252762405,0.1643083934343032,-0.7063316855389468,0.6343424301662237,0.6972265914411266,-0.7041501902245365
SYN008,SYN093,2274,0.17581373387978436,0.16094039350682124,0.7294857354441269,0.7582812000543567,0.692364432950089,0.7223525502768706
SYN008,SYN094,1177,0.1439555479245052,0.13888418321650114,0.1773101745216733,0.6031673837754057,0.5815174313876308,0.17626303021064665
SYN009,SYN010,1137,0.08280835978831498,0.1103370152572437,-0.9358141701522098,0.3490051402357478,0.46500997027020996,-0.9256248303565224
SYN009,SYN012,1137,0.1097352327769157,0.10675531234981409,0.10153837935793227,0.46293789404786306,0.4497848426361136,0.10476935678841694
SYN009,SYN015,1137,0.19561253653710953,0.13613171113186223,2.060376552413148,0.8408090852070239,0.5803931303261205,2.0205399655068184
SYN009,SYN016,1177,0.08987999456567779,0.0890605543761944,0.028303609262263045,0.3818703161806156,0.3801302532876206,0.013997532304141488
SYN009,SYN020,1137,0.1495899024192415,0.15287301574462636,-0.11314644534881593,0.6328019846391575,0.6466331228811073,-0.10959241455272112
SYN009,SYN021,1137,0.3411252189675769,0.3496913505204838,-0.32754525653072686,1.4835786901227448,1.5223003848997827,-0.2915526683986555
SYN009,SYN024,1177,0.17265871227544013,0.11092368676143548,2.159426448611462,0.7268176015495131,0.46740161586528917,2.0981436139824234
SYN009,SYN028,1177,0.06144892085523152,0.0918949661103879,-1.0494459036925121,0.2567157789425089,0.3868575344932778,-1.067020016357539
SYN009,SYN029,2314,0.12856761584705664,0.09047834662821398,1.8535287611747233,0.5413212607703428,0.3808550011185516,1.825604258071718
SYN009,SYN032,2314,0.131381911915062,0.1160359351091657,0.7492064113057024,0.5639042311657386,0.4978173959756464,0.736766755764015
SYN009,SYN034,1137,0.06556443164998597,0.13912534355023712,-2.504569318352899,0.276268037043751,0.587372891264604,-2.4862237574176067
SYN009,SYN038,1137,0.12546293351731055,0.12652193413011661,-0.036236990160280966,0.530333583314278,0.5345832339650926,-0.0337393319411127
SYN009,SYN039,2314,0.12630434562144152,0.10470711208669002,1.0523235838114222,0.5323666100952843,0.4414357949372674,1.0334037697602656
SYN009,SYN044,2314,0.14118476506251998,0.1303306512106126,0.5315912304071592,0.644163703875253,0.5950003988077532,0.5140110867185288
SYN009,SYN047,1177,0.10673061252898686,0.10708730299251291,-0.012362830534234374,0.4600999765854275,0.4674793879214952,-0.05843301665978942
SYN009,SYN048,2314,0.140989936498991,0.12770836542090225,0.650229836308328,0.5966733856719764,0.5408961319791769,0.6306524362143558
SYN009,SYN050,1137,0.1402031221716747,0.1309786992291558,0.3164520214128926,0.6011348439992253,0.5612802095637373,0.3117990085768475
SYN009,SYN055,1177,0.08212967977650784,0.10684647910599425,-0.8545632002241169,0.3441202945318364,0.45019050447343556,-0.8668557714664391
SYN009,SYN057,2314,0.12185157962644903,0.09217628091608926,1.4432150183207688,0.514334538577795,0.3887964167819297,1.4248901057291992
SYN009,SYN058,2314,0.17017488945225434,0.16918709106945426,0.048894038645225374,0.7211826122879236,0.7181879449507705,0.03374970950483182
SYN009,SYN060,1177,0.15771062416577755,0.09584673378062993,2.1550550413691,0.6770903640226079,0.40782015516238007,2.134861833835367
SYN009,SYN065,1137,0.1443198577968233,0.14531786989693346,-0.034327919620051786,0.6111303298812115,0.6154080333866984,-0.03387531580188479
SYN009,SYN066,1177,0.13809769647611422,0.1350396569633132,0.10677117680583896,0.6283765335093988,0.6109380844274299,0.13027648527560665
SYN009,SYN069,1177,0.14571034387698967,0.16289779826733963,-0.6032858800992571,0.6323527765077867,0.7121014253368327,-0.6267418231206306
SYN009,SYN071,1177,0.10108921118192145,0.11830351201249693,-0.5970249912532392,0.42314153929601306,0.4988092307412191,-0.618342653392773
SYN009,SYN072,2314,0.1529253834647429,0.1577856258351609,-0.239424874652929,0.6532727818390626,0.6763437051894144,-0.25810131780889245
SYN009,SYN073,2314,0.1870567784569544,0.16543985258012062,1.0725517839259886,0.7940186815342885,0.7011720710533125,1.0429415700331852
SYN009,SYN075,1177,0.158168366046296,0.18105481170616006,-0.807441912479015,0.6672752269385397,0.7681501379933057,-0.8151485690147008
SYN009,SYN076,1137,0.1317375841336722,0.09475688238768816,1.261653945327536,0.5698963619381455,0.4074853762053768,1.2577571264180594
SYN009,SYN079,1137,0.12877026220517457,0.11047081908492835,0.6251966640771605,0.551371716645487,0.47148761259412886,0.6254630068948441
SYN009,SYN082,2314,0.20280896719254055,0.1745354439689056,1.4094701182735023,0.868267800495146,0.7448487086418236,1.3718647183893762
SYN009,SYN088,1137,0.1581480723850178,0.1596269764040108,-0.051091804749048654,0.6757416902398911,0.6817172694903246,-0.04680200617480747
SYN009,SYN089,1177,0.17531855525663706,0.1536559486209191,0.7629153296197168,0.7441760515523854,0.6600631992678864,0.674081639517212
SYN009,SYN091,1137,0.19665336523087773,0.16490145564858125,1.105475813193279,0.8434033941236991,0.6993991012514575,1.1198944444633416
SYN009,SYN093,1177,0.1269106403216586,0.12437669888954313,0.0882148053885154,0.5438878008108349,0.5384271304021978,0.04346156258560346
SYN009,SYN094,2314,0.22015480522390385,0.21680035832648037,0.16934111838955548,0.9456110509101326,0.9330212173842151,0.13921743731931127
SYN009,SYN095,1137,0.12417935978820299,0.16489714776282768,-1.400639356377164,0.5309917036446417,0.7128976459328811,-1.4266615371029079
SYN010,SYN012,2350,0.08849493692288112,0.10657740159118134,-0.8844594578074996,0.35612454386181885,0.4296520494305948,-0.8841786396509201
SYN010,SYN015,2350,0.1584571200642599,0.15068384424696782,0.3858026668539638,0.6405111603498765,0.6095043026075794,0.37008311926155857
SYN010,SYN020,2350,0.12374805635952484,0.11488505559152046,0.4355796912320125,0.5018564971726793,0.4657932338921387,0.4297153260105652
SYN010,SYN021,2350,0.08536076021686945,0.08767501331797846,-0.11296155760625531,0.3480488412954354,0.35740904133386037,-0.11108873955769423
SYN010,SYN025,1213,0.1276646447310569,0.0894461270649514,1.3454600804083725,0.5148923835889669,0.35939691474630114,1.3378140831672576
SYN010,SYN029,1137,0.0908651714593479,0.09804555112882392,-0.24397648479232703,0.3645792236102062,0.3946676947340499,-0.252287030888163
SYN010,SYN032,1137,0.0977233914767771,0.10584663233213883,-0.2764147499530373,0.39395821873824344,0.4286988678115233,-0.28982964891442375
SYN010,SYN033,1213,0.17964686824268822,0.08964695746065955,3.1908150264815194,0.7414001974765215,0.36737712504100356,3.1337891544614753
SYN010,SYN034,2350,0.14695463832217545,0.1457358839711525,0.06033580176318482,0.5936234843354772,0.5890949031217865,0.05412078963420635
SYN010,SYN036,1213,0.26677841732331253,0.26854295005308476,-0.06611609441109065,1.09674156202946,1.1029624201176167,-0.05198605473116324
SYN010,SYN037,1213,0.1334108158688456,0.1252573219802647,0.28844636331819945,0.5391163163488086,0.5062516386450242,0.28215037659167824
SYN010,SYN038,2350,0.1297598943979851,0.13710366318523964,-0.36222592277868293,0.5220885852031519,0.5525501105760033,-0.3658131152253848
SYN010,SYN039,1137,0.12951810226286584,0.11346434693188505,0.5487205410134133,0.5203000471068527,0.4563938572159025,0.5344303114602411
SYN010,SYN041,1213,0.10950539692781137,0.12103009443444977,-0.4062902043343619,0.4527057657890888,0.49640848665684983,-0.36702460226068456
SYN010,SYN044,1137,0.12323546268306984,0.12600638323687974,-0.09478259183842751,0.5240073927179343,0.5342657223054393,-0.08095188893332324
SYN010,SYN048,1137,0.16986510651579872,0.13838932228619072,1.0858370611416481,0.6848983133692629,0.5579043377481562,1.0559407987523999
SYN010,SYN050,2350,0.08127566308552438,0.09843133576551802,-0.8379072692079682,0.3365030354037046,0.4078867693743325,-0.8343263419602014
SYN010,SYN053,1213,0.08875947803109042,0.08637084823322777,0.08373067634451713,0.3636321148493684,0.35303368644400174,0.08990678601745491
SYN010,SYN056,1213,0.08525951799538369,0.12232782036238447,-1.30362279166955,0.36051850829214255,0.5137995330393176,-1.2596614477014867
SYN010,SYN057,1137,0.03774298519892278,0.09235136146845463,-1.847215271748702,0.1507875274150321,0.3709307303342331,-1.8559773443043488
SYN010,SYN058,1137,0.1611101442666729,0.1497016251563721,0.39369371360618083,0.6624506759384481,0.6127644910812353,0.40499998747563476
SYN010,SYN062,1213,0.2669771426163386,0.2798328106392807,-0.4833224030860199,1.0959858998112013,1.1557395910848984,-0.5001395023145172
SYN010,SYN063,1213,0.11242110523748558,0.11265203774368758,-0.008136038493224095,0.49305730073529774,0.4983157072402081,-0.04153365040659959
SYN010,SYN065,2350,0.11097497817850845,0.10920731484383887,0.08668661650857265,0.4513970912736776,0.44428707043105464,0.0845094497450732
SYN010,SYN067,1213,0.1458481707891596,0.1219117500967091,0.8478702259964628,0.6018955877231487,0.5035605350489816,0.825414454470854
SYN010,SYN072,1137,0.16909302105382784,0.16342178149663214,0.19640812449986866,0.6831337391420559,0.6624342468362524,0.17176661841811194
SYN010,SYN073,1137,0.1460502512255451,0.15869853042945906,-0.4360605461469019,0.5882484198918658,0.6412831543053256,-0.4419988658065282
SYN010,SYN074,1213,0.07875288924687274,0.11399023647400161,-1.2373578149629028,0.3165266606949366,0.45937285444606835,-1.2355717637432315
SYN010,SYN076,2350,0.10030587762271558,0.10264054308295498,-0.11428163409579317,0.4072687623049537,0.41748615071484446,-0.12170199490959525
SYN010,SYN077,1213,0.14635425819158976,0.14530330377789785,0.037351835422019496,0.6047239932530124,0.5966925648386098,0.06732754274801897
SYN010,SYN079,2350,0.15004915015429995,0.14209597999610551,0.3937007834530897,0.6078253777962289,0.5760084394267945,0.37907134051332536
SYN010,SYN082,1137,0.20688102092326593,0.1828284952404891,0.841982505729864,0.838155078454822,0.7407872605364204,0.80377794645267
SYN010,SYN087,1213,0.2888812229580728,0.2986965652419144,-0.3736847979730727,1.2222719630522811,1.2615911952499104,-0.3175560280843967
SYN010,SYN088,2350,0.1812683786363071,0.15992786249820928,1.064897087080775,0.73407591997245,0.6468840640307305,1.037377611910399
SYN010,SYN091,2350,0.14561229242132026,0.12127182913268512,1.2006374069752235,0.5868412873914726,0.4881893243512148,1.1818622969261816
SYN010,SYN094,1137,0.07178979141946149,0.09360373558909595,-0.7396713185918211,0.2871541617936997,0.3760185932981306,-0.7478265204020341
SYN010,SYN095,2350,0.13540770333389335,0.15108362829575098,-0.7753605274624805,0.5480026868809815,0.6137093957902546,-0.7841434302775797
SYN011,SYN014,1159,0.08580841578583207,0.11731359187285155,-1.0824341758595317,0.3460382096291136,0.47453102490574484,-1.0824889540010274
SYN011,SYN017,1159,0.19650358024775974,0.15199247269546068,1.561065382377611,0.7973071778627655,0.6146475324067681,1.521040136224563
SYN011,SYN019,2282,0.13435285381165527,0.14304649940793696,-0.4231684635831509,0.5447502169534596,0.5810359502913544,-0.42591422296776027
SYN011,SYN022,1159,0.09585919079146484,0.108054150812987,-0.41898951574002563,0.3866384715807904,0.4369056131074688,-0.42326006874381666
SYN011,SYN025,1123,0.1166120704647185,0.09609037445367287,0.6946699265633621,0.4694048694847,0.3866287585795831,0.6868989950938379
SYN011,SYN026,1159,0.1437982312073885,0.16482907347273656,-0.7325215912344394,0.5788691021345886,0.6671473750893582,-0.7433155395010799
SYN011,SYN027,1159,0.13531271135457862,0.10636124144653569,0.9990110320844139,0.5447479158700349,0.42877226242265765,0.9768543859807096
SYN011,SYN030,2282,0.12208040306801714,0.12280981481614578,-0.0353513118214042,0.5013047817253876,0.504826779432182,-0.04083597188824249
SYN011,SYN031,2282,0.14812228279068762,0.1488080324445246,-0.03347476461350841,0.6146058185221923,0.619170127942645,-0.052276285515170155
SYN011,SYN033,1123,0.09730878359859299,0.08849388781720322,0.2975730830517563,0.401945530835198,0.3648991495388022,0.29955819532239386
SYN011,SYN035,1159,0.14857102818336201,0.10553189626490833,1.487587977482473,0.5983587365729701,0.42641347564002624,1.446786372893988
SYN011,SYN036,1123,0.1612622500607068,0.11313083240193363,1.6420345554286453,0.6524314873991479,0.4557224986806236,1.6204607424000077
SYN011,SYN037,1123,0.20121376843192937,0.21509436782537603,-0.48558228078267096,0.8268122877132015,0.8846653294510094,-0.4677000344159056
SYN011,SYN040,2282,0.11300985827321354,0.10318126092536956,0.4747575393445996,0.4552571431513098,0.41607520116799296,0.4634120643985864
SYN011,SYN041,1123,0.20015550179672867,0.13338412469135422,2.2995043958067387,0.8321961063907074,0.5523353593858811,2.234512858596645
SYN011,SYN042,1159,0.09925498741964198,0.10951628215969839,-0.35273073393843946,0.4045767577851485,0.4461571420309904,-0.346362402106844
SYN011,SYN043,2282,0.10347357931385756,0.1183590989086229,-0.7194832732151342,0.41734869230125615,0.4788550260603652,-0.7267472171748258
SYN011,SYN045,2282,0.12709754136187015,0.11886503847946893,0.3990481653367247,0.5183248710862244,0.4848867756980968,0.39034186611017996
SYN011,SYN049,1159,0.0498830565581749,0.10592745135635931,-1.9176624760035426,0.20898004139362042,0.4547156223831221,-1.992704477207662
SYN011,SYN051,1159,0.18722290009518813,0.20293574137617884,-0.5553855591563048,0.7582466508303071,0.826281187468565,-0.5679621721194671
SYN011,SYN053,1123,0.08177310125544739,0.09102345978320386,-0.31190677845764164,0.3351318562216638,0.3744079256936896,-0.3203024650102531
SYN011,SYN056,1123,0.14561724309589982,0.1394728552155328,0.20989616348215287,0.6147451301624334,0.5941124190697568,0.16274459896774401
SYN011,SYN059,2282,0.15338391372620144,0.12128546340380915,1.5619478899703831,0.6198487380792967,0.48953354821496703,1.533488781119321
SYN011,SYN061,1159,0.13197335498972165,0.12088927197520562,0.3829849659296153,0.531628221817232,0.489922274883391,0.3510967154936232
SYN011,SYN062,1123,0.11532152516150934,0.14516040352892617,-1.0159130944680252,0.47276627237695024,0.5912766842914191,-0.9650628381325055
SYN011,SYN063,1123,0.1290197795423756,0.10480496180449672,0.8216559850118076,0.5651867420873348,0.4584127503375385,0.8122142148635711
SYN011,SYN064,2282,0.2274845376366572,0.24370875004962939,-0.8200662501754638,0.9372808781073683,1.0079359520636006,-0.810791800729256
SYN011,SYN067,1123,0.10531965162833352,0.11341966437816106,-0.27436168625977336,0.4324280567432938,0.46592372272785554,-0.2725951487595417
SYN011,SYN068,2282,0.1324801084409598,0.12154071896223359,0.5308024835511187,0.5494186688018288,0.5037458119154336,0.523943965533266
SYN011,SYN074,1123,0.09685369854253584,0.1261542337092056,-0.9930042420457372,0.39173679965780456,0.5108640870358114,-0.9842927769824632
SYN011,SYN077,1123,0.134986420728715,0.13657346616564284,-0.05411029922762216,0.5485698675600221,0.5578100685790103,-0.0758822353431179
SYN011,SYN078,2282,0.10142698261430275,0.12302952847062482,-1.044479293283535,0.41663321778979473,0.5078654354451573,-1.0581692508069591
SYN011,SYN083,1159,0.32545910421102336,0.3467832824261078,-0.8174187045718905,1.4004750357633413,1.4878942816062428,-0.6741042565237414
SYN011,SYN085,1159,0.06888679127792863,0.1008668091327893,-1.0953073454312447,0.275864525591673,0.4059488199895321,-1.1040688733106292
SYN011,SYN087,1123,0.15131948891751365,0.13189021521631494,0.6635560312850171,0.616123929017158,0.5376341822156048,0.6427630342789464
SYN011,SYN090,1159,0.06423677357247225,0.12898717730105613,-2.223069812779638,0.2624983775244386,0.5299422646004196,-2.224776676183174
SYN011,SYN092,2282,0.07271502126447399,0.0986854640478201,-1.249045610297541,0.2919786088220494,0.39748996319460056,-1.2535300231206328
SYN011,SYN096,1159,0.20253261295129335,0.19662850359097064,0.20906811080608867,0.8217354623700603,0.799532264092373,0.1848265484720119
SYN012,SYN015,2350,0.09566777904672515,0.13027891981967868,-1.6986238510400318,0.3857799439059677,0.5274441559716513,-1.699490525992481
SYN012,SYN020,2350,0.10833990554407949,0.12341213241134387,-0.740139597888832,0.4396285396188964,0.5013069114061888,-0.7349954718912969
SYN012,SYN021,2350,0.111525247412817,0.08482895255244288,1.3059933131049117,0.4559562899563056,0.34621232624228704,1.2977088105503258
SYN012,SYN025,1213,0.08659681254640321,0.08710271514033692,-0.017731596904772075,0.34803361805919725,0.3508427946731115,-0.02429117899931407
SYN012,SYN029,1137,0.11230305390099325,0.09641525570670566,0.5409232620622154,0.4528877493195871,0.38882350536526833,0.5340590858878005
SYN012,SYN032,1137,0.09370435572003696,0.06760966650260206,0.8845424280926328,0.3801565469650221,0.2738786143943835,0.8809046729461856
SYN012,SYN033,1213,0.13631545999705696,0.08487807930778127,1.8118331322660626,0.560330053919238,0.34814867608945377,1.7898916544861385
SYN012,SYN034,2350,0.08514989655228704,0.11317648918770581,-1.3713502807523215,0.3432308829685571,0.45708729839836737,-1.3670305244420564
SYN012,SYN036,1213,0.12540791041083668,0.10407701298605922,0.7519261922652748,0.5052076782317736,0.4194085719758592,0.7391336309855325
SYN012,SYN037,1213,0.14471803558010168,0.12358576039525625,0.7485894032719678,0.5852539011262736,0.5002215506817158,0.7290566901937118
SYN012,SYN038,2350,0.15755735985942057,0.13482391186686685,1.1254465362924455,0.6373649317235681,0.5444931458521776,1.1076658232292695
SYN012,SYN039,1137,0.1415463027608948,0.11157766871704543,1.0257026598422287,0.5716484375787848,0.4497604979411474,1.0132547061613932
SYN012,SYN041,1213,0.2059695008844042,0.18263976945093516,0.8434126821402445,0.8590465921261198,0.7535733026551907,0.8722290205215563
SYN012,SYN044,1137,0.10328702638248358,0.09539215105252415,0.26851047401874134,0.44303715220364187,0.40463019085825297,0.30056694270266343
SYN012,SYN048,1137,0.13787627481872589,0.13608819310699144,0.06136498052490588,0.5567376266659266,0.5499279250766684,0.05662656000769507
SYN012,SYN050,2350,0.09034495672445556,0.10573717338929604,-0.7529417157199956,0.37457792454229955,0.4385591535778415,-0.7465711412901386
SYN012,SYN053,1213,0.14775412942334643,0.1455629555094217,0.07789557207800432,0.6073289510418651,0.5977154946256991,0.08104690608281398
SYN012,SYN056,1213,0.11262178217190881,0.13140731913671092,-0.6633523013198651,0.47667893436780895,0.5521231727889975,-0.6184983835128562
SYN012,SYN057,1137,0.13725836284160112,0.14977040448568674,-0.4302087849278095,0.5541718296462962,0.6059997689897261,-0.4310497447998895
SYN012,SYN058,1137,0.14377520385203726,0.1369942796770353,0.23293874748487148,0.5897894257306312,0.5604780714061179,0.23979060098768917
SYN012,SYN062,1213,0.16358095975080988,0.13462443277990932,1.0302367260493521,0.6614279423249944,0.5456183562773775,0.9921145698550713
SYN012,SYN063,1213,0.05644315707166138,0.0719566275740319,-0.541881393632768,0.2450512379824709,0.31777925205594754,-0.5817031477616205
SYN012,SYN065,2350,0.0994221883942966,0.11731297452398959,-0.8770585430099617,0.40474371535905723,0.478042466915018,-0.870931507862443
SYN012,SYN067,1213,0.08923823561823035,0.07787128022101818,0.39818445223653237,0.36550767757498337,0.32136886917633395,0.3742964862430758
SYN012,SYN072,1137,0.1068697710537597,0.13898681443978123,-1.0982347854652221,0.4317849225173998,0.5636142128341493,-1.0968866267013304
SYN012,SYN073,1137,0.0804312907424731,0.1294461229810024,-1.66930210873545,0.32365332600933244,0.522700530375783,-1.6647598425760255
SYN012,SYN074,1213,0.2547176046835957,0.21920004027244888,1.309159430845006,1.0432214375216564,0.8949389791858866,1.245518240509688
SYN012,SYN076,2350,0.09698006412771386,0.09183363952314545,0.2515655862880887,0.39530118323170566,0.3744550211397865,0.2473406110911964
SYN012,SYN077,1213,0.11746887044383689,0.12285329512235281,-0.1900419466190895,0.48321721291428593,0.5051714267468939,-0.18515574921646588
SYN012,SYN079,2350,0.06238626510832747,0.0848699663155996,-1.0952264042494713,0.25174409629234595,0.3433083845811231,-1.0986371683282763
SYN012,SYN082,1137,0.1380524306950563,0.14198210249224252,-0.13497777414244577,0.5576234536588087,0.5741407520191719,-0.13730356306039612
SYN012,SYN087,1213,0.12379553710481099,0.12782782080240115,-0.14251929053528414,0.5067099764978306,0.5248950021338702,-0.15411338606655756
SYN012,SYN088,2350,0.14079062743686946,0.1321333489165143,0.42737049388042,0.5694978700134712,0.5344289763074163,0.418628835970554
SYN012,SYN091,2350,0.0912819842891084,0.1055427464670915,-0.6976436494038986,0.36732650184483145,0.4253064600640367,-0.6971794871824569
SYN012,SYN094,1137,0.04405858633591099,0.09279546670401456,-1.649265316750724,0.17688397581169893,0.3736871046784919,-1.6508656224564422
SYN012,SYN095,2350,0.13405174409168005,0.13772392990627721,-0.18124922601758606,0.5446941160621441,0.5605564962233602,-0.1885315473608299
SYN013,SYN014,1094,0.16923237007279812,0.1194696942053297,1.6790381200030726,0.7201413417309681,0.5020526225828021,1.6820265939273356
SYN013,SYN016,1097,0.08848769821406005,0.10698141403594424,-0.6176097744258461,0.36815749349599436,0.4494406355614509,-0.6455868728254861
SYN013,SYN017,1094,0.1209693809601842,0.13222714169377336,-0.37790812205480945,0.5129528417779995,0.5560892581378861,-0.33499007675752296
SYN013,SYN018,2191,0.11712305921604103,0.10076192716776006,0.7745198016436663,0.5088855959040459,0.4358367435109669,0.7831169812485477
SYN013,SYN022,1094,0.0971775941091278,0.10042668920319646,-0.1083766070798112,0.41207085775162217,0.4217608498558384,-0.07537629420554358
SYN013,SYN023,2191,0.17164089624171072,0.13433953817051011,1.7868610032065386,0.7269523199217509,0.5664779395523094,1.760281747651287
SYN013,SYN024,1097,0.10243391288243898,0.07283617016249325,0.986616571928587,0.4292622674401419,0.3069921145506327,0.9626927536976138
SYN013,SYN026,1094,0.12897692511822906,0.09889059795035707,1.0069106485661534,0.5475507233080086,0.4151382963993019,1.026460495161491
SYN013,SYN027,1094,0.1022771045033926,0.09508136263903257,0.24001568527457934,0.43327558609350353,0.3987967546266372,0.2683468042437327
SYN013,SYN028,1097,0.0903583135974357,0.08536819321889937,0.1663360410216567,0.37776519138934384,0.35951377798191797,0.14412183654685667
SYN013,SYN035,1094,0.11414658338420776,0.09529177304986952,0.6297047289287291,0.4871241001027048,0.40003237571877825,0.6726701439891315
SYN013,SYN042,1094,0.28980354050424895,0.29083711118341754,-0.03728144253389599,1.2523522389077537,1.2468887829396265,0.04092306765615001
SYN013,SYN046,2191,0.0720525001373627,0.10511702402598763,-1.559008713913309,0.3040667256518733,0.44289389881774804,-1.5379852706368862
SYN013,SYN047,1097,0.16779532683295906,0.1677445283729783,0.0017288547816724346,0.7058607200441599,0.7106561152306774,-0.03749436750785154
SYN013,SYN049,1094,0.08138808363934177,0.08556730891266788,-0.13900992134420165,0.3739810263623723,0.38779616192139615,-0.09877576101569426
SYN013,SYN051,1094,0.1981625894457391,0.17805204348249684,0.6886512492539958,0.8458650915857824,0.7519015337918691,0.7205005549241326
SYN013,SYN052,2191,0.07973953962534855,0.07965322116131598,0.004063446885767582,0.3386111674389782,0.3384662275422711,0.0015935949929061755
SYN013,SYN054,2191,0.07745721572482911,0.08974093755174585,-0.5786355893073422,0.3283280946821004,0.3809865845054097,-0.5800918731312513
SYN013,SYN055,1097,0.14550407508168706,0.12375489220590404,0.7326797202037565,0.614245178603061,0.5271062250879146,0.6793565687344865
SYN013,SYN060,1097,0.10682071386545669,0.09542753227379965,0.3807348406433742,0.44451708221795316,0.4003677071599229,0.3502483704923316
SYN013,SYN061,1094,0.1232790917347266,0.11627467185849297,0.23472653380262037,0.5314959189500391,0.49445669059309777,0.28251933736599666
SYN013,SYN066,1097,0.12767154202878164,0.13444903873932137,-0.22808902377582738,0.5411100235406491,0.576576454076655,-0.27601677294817323
SYN013,SYN069,1097,0.11034763467587506,0.11286015025296883,-0.08415132549714599,0.5071977135763642,0.5195798374308227,-0.08853260362403821
SYN013,SYN070,2191,0.11084301631459374,0.10210288185748828,0.4135196879712651,0.4760664880430794,0.43768163157336576,0.4165846994639367
SYN013,SYN071,1097,0.10255213410687102,0.08371526777509733,0.6285128746198451,0.4334503257656322,0.35468336018904645,0.6146147611205505
SYN013,SYN075,1097,0.1131065090592521,0.0866404225140078,0.8842574756452242,0.4808728548182088,0.37170937095582146,0.8462228231648806
SYN013,SYN080,2191,0.12107806252343906,0.10763891091451702,0.6369709061390443,0.5101285692006408,0.45268048969254276,0.6357047494141631
SYN013,SYN081,2191,0.09394663131723968,0.09289115264035588,0.04980580075920813,0.39932404754468653,0.39479635538370106,0.049706953872853905
SYN013,SYN083,1094,0.13266282478767535,0.11445750464859031,0.6106680394346646,0.5703155154784647,0.4921818579052494,0.5974516873589523
SYN013,SYN084,2191,0.11139803462582257,0.0831216913499724,1.3353803784677543,0.47170045688815876,0.35061896479343546,1.3335086568836034
SYN013,SYN085,1094,0.127641330171703,0.09524504685994566,1.0836162159676321,0.5420489475025669,0.3997444512922079,1.1028341801947372
SYN013,SYN086,2191,0.1810736418761497,0.20186543932896406,-1.009613337143675,0.765744674411703,0.8555581232003536,-0.9860723285248408
SYN013,SYN089,1097,0.1582543067152019,0.1239426835259099,1.158058346544891,0.6616954801488218,0.5207406973378468,1.1096383029560353
SYN013,SYN090,1094,0.11592332727145936,0.11972502327726574,-0.12733906951254254,0.49800766371423755,0.5076204514933019,-0.07375223612419993
SYN013,SYN093,1097,0.09473890921673263,0.12370815992610988,-0.9698182230639958,0.39546943338508284,0.5210678746892098,-0.9942004104345423
SYN013,SYN096,1094,0.14428794626785316,0.1060848897033864,1.2821167602173371,0.6128555978845466,0.44520437583449274,1.2978019007391546
SYN014,SYN017,2253,0.13949188741127105,0.16192348914229487,-1.0888039922971449,0.5651962621437475,0.6569771796927161,-1.071023935468931
SYN014,SYN018,1094,0.1382359794594928,0.12076210536049718,0.5870275226065241,0.5695872193648785,0.49893094807021393,0.5642933796873714
SYN014,SYN019,1159,0.20977387376792475,0.16702110422245126,1.507359230982018,0.8605455036324898,0.6829943423935757,1.4599954625524851
SYN014,SYN022,2253,0.11543707878412195,0.1124721464236666,0.14248951995419157,0.4683809829438945,0.4558044021484992,0.14671573587261344
SYN014,SYN023,1094,0.17794965887962708,0.1543578917338295,0.8014088388674686,0.7224549783760982,0.6258553262285897,0.7818774612087932
SYN014,SYN026,2253,0.14882472662111307,0.13298333480587257,0.7666617854526215,0.6031079971814987,0.5379216985718402,0.7601891810437378
SYN014,SYN027,2253,0.11711121659445167,0.11165433063592745,0.26227496701125647,0.473757802551068,0.4512920777456458,0.26285126026025585
SYN014,SYN030,1159,0.2575177843200535,0.25839716892876974,-0.03203045157122575,1.0742447212254504,1.0794703641422638,-0.042044007883887374
SYN014,SYN031,1159,0.1591366668913796,0.13648657959707694,0.7873416963038731,0.6629023537075946,0.5694387653587711,0.7587693363657024
SYN014,SYN035,2253,0.14219864857848585,0.12479790039556296,0.8403899559511349,0.5774970782876935,0.5059101235158038,0.8332994280259057
SYN014,SYN040,1159,0.16883610777586822,0.12718199075046477,1.4481932697109756,0.6859330080557963,0.5148268144836213,1.4252173146653788
SYN014,SYN042,2253,0.13384904652691232,0.128148373768064,0.27512884190460374,0.5482969946499023,0.5234473972000162,0.2868419739437382
SYN014,SYN043,1159,0.1422466584373242,0.12326610391604967,0.6569380367515854,0.5796367523415393,0.500579339625272,0.6573389506528845
SYN014,SYN045,1159,0.3217243831913806,0.30587789618778355,0.5976497951076062,1.3496438097950345,1.2804065357533958,0.5501149955025565
SYN014,SYN046,1094,0.15666254369906008,0.13317899263853705,0.7923489572010401,0.6431537009127397,0.5431380513171875,0.801344767600268
SYN014,SYN049,2253,0.12167378286396195,0.1035670606445317,0.8699359474402325,0.5249873433316047,0.44660337072818423,0.8581170382335146
SYN014,SYN051,2253,0.16925281173832493,0.15062449359310862,0.9068451297237642,0.6882117767671518,0.6109230341717328,0.8972134616279727
SYN014,SYN052,1094,0.07635147742590379,0.11387954627838605,-1.2510332157743558,0.3106091423532872,0.4645676356106942,-1.2487119691953792
SYN014,SYN054,1094,0.10803027059321482,0.10117702624765675,0.2288698540108365,0.4381949784163042,0.4113836366476775,0.21791845159034234
SYN014,SYN059,1159,0.1200591939710829,0.1292101185559001,-0.31604313054072997,0.48538897911135753,0.5234803833815412,-0.3196457075470655
SYN014,SYN061,2253,0.1357099841120655,0.1391050564539623,-0.164141722529309,0.5523680183346199,0.5668212679665708,-0.16789079647947652
SYN014,SYN064,1159,0.12115765623936713,0.16985007353018175,-1.6917214993200826,0.4954439590815525,0.6963376836095724,-1.665868144324836
SYN014,SYN068,1159,0.42174169850740595,0.4183369774550947,0.14056023894316638,1.8590942905284704,1.835875444632714,0.17170151412320386
SYN014,SYN070,1094,0.08650960017606964,0.11780597780923659,-1.044720201322224,0.3526861690931773,0.4827710934714644,-1.052501090672252
SYN014,SYN078,1159,0.10571326553314499,0.11284256134934653,-0.24532675638243268,0.4359648598312948,0.46712285050226154,-0.25628308135347
SYN014,SYN080,1094,0.1811602230803022,0.20867931558157934,-0.9449342033702437,0.7362409657696304,0.8521885803365992,-0.937266139987952
SYN014,SYN081,1094,0.12934745527376676,0.1273671258580146,0.06650661231143616,0.5251875281662178,0.5195820340036368,0.04547530280294233
SYN014,SYN083,2253,0.1544974598397075,0.13151317438837007,1.1130560568167738,0.6368323205339567,0.5401598163694952,1.1072722216638209
SYN014,SYN084,1094,0.06952120002228995,0.09794752773585226,-0.9456255021207596,0.2801544686118644,0.39645791747896314,-0.9527749248053079
SYN014,SYN085,2253,0.12189749862123121,0.13848471145388103,-0.8003865368632379,0.4928019665573848,0.5604606847812148,-0.791951583583869
SYN014,SYN086,1094,0.27007098755010217,0.25839874747931496,0.4144827991959994,1.1122714507060445,1.0629365181623673,0.39063239004953354
SYN014,SYN090,2253,0.27347920415872157,0.26728281915380814,0.31710384187700935,1.146562850517244,1.1172897164451778,0.326221259663237
SYN014,SYN092,1159,0.15518674077957406,0.11348194560515423,1.4442503178585642,0.6311822065045318,0.4589548598255744,1.4339016993222973
SYN014,SYN096,2253,0.12628821987703728,0.1253727039035326,0.044125389697987315,0.5111372045294448,0.5071841966185799,0.04620888582391518
SYN015,SYN020,2350,0.10593315720967222,0.12232625627830222,-0.8046779306559632,0.43027107687457056,0.49804304153366447,-0.8067873980499298
SYN015,SYN021,2350,0.10320761060158605,0.10817176410526172,-0.24320986807495246,0.42276855614302417,0.4433734235877013,-0.24320545936319274
SYN015,SYN025,1213,0.05359233399389769,0.12235163539425714,-2.4114383782369937,0.21476175810818987,0.49258847642300774,-2.41158093626703
SYN015,SYN029,1137,0.11839015188398815,0.10792275523997934,0.3570641228987345,0.47632708465319445,0.43547689792085553,0.3412277493440308
SYN015,SYN032,1137,0.13368350856225034,0.11837189592353273,0.5239500636110123,0.5402395963242097,0.47876845866284695,0.5108596612187827
SYN015,SYN033,1213,0.14843270465490602,0.1007246748742973,1.6860334105893624,0.6159497495678303,0.4149177200747881,1.6776071367852292
SYN015,SYN034,2350,0.17362352409590717,0.14316634374200407,1.5136282867222612,0.7053130816753286,0.5800540372984604,1.4860839857481456
SYN015,SYN036,1213,0.08112088323412853,0.1394686573441035,-2.055244373573769,0.32539397835067413,0.5623116534340222,-2.053103685443062
SYN015,SYN037,1213,0.13002015516580331,0.14779338561382235,-0.6304247909603999,0.5265118605391624,0.6004746835825934,-0.6336214050180187
SYN015,SYN038,2350,0.17785110789095415,0.15091561946552487,1.3412456239244772,0.7199013771630538,0.6095760441985268,1.3135110099355958
SYN015,SYN039,1137,0.11340363512568791,0.1248948555177641,-0.39254321184221,0.45521512776746853,0.5032452165023308,-0.40222877979388266
SYN015,SYN041,1213,0.1513671784626216,0.15782648584366643,-0.23018981459882756,0.633985266607212,0.6540787328578942,-0.16604118258084
SYN015,SYN044,1137,0.23459227815075312,0.2664732037110362,-1.1456170999709838,1.0135809930911723,1.14559773015519,-1.014688257310406
SYN015,SYN048,1137,0.21013197362502592,0.1523307971138369,2.0132101600527443,0.8521112990343712,0.6149445355712031,1.9554993496371702
SYN015,SYN050,2350,0.11989197093744099,0.10480681532226276,0.7401705999964879,0.500508912919238,0.43700943483134874,0.7345932046976069
SYN015,SYN053,1213,0.09069012450392336,0.0963587564697445,-0.19892417615496932,0.3731034275339777,0.3956903517235097,-0.1906699691748129
SYN015,SYN056,1213,0.10956321642236139,0.1302510951191076,-0.7301545063890826,0.4680966447620459,0.5521347927987186,-0.6820170008196621
SYN015,SYN057,1137,0.12232051650464121,0.10697382625840815,0.5236927422154343,0.49110883366435715,0.43013082820942933,0.5103843251406254
SYN015,SYN058,1137,0.19625340271745773,0.15278864372266351,1.5099285390023964,0.8133289648991211,0.6293651204043457,1.483616639409685
SYN015,SYN062,1213,0.14782642579950198,0.15559605097792828,-0.2766354814034855,0.5976300113239857,0.63323393490174,-0.3052846314031447
SYN015,SYN063,1213,0.09514704488681053,0.12598261270633557,-1.0859829015249516,0.4110108986803389,0.5524313836037211,-1.1366543234913355
SYN015,SYN065,2350,0.09434678642597885,0.11628076353595519,-1.0745731758189183,0.3844929512986358,0.4752465235736763,-1.0771489122402738
SYN015,SYN067,1213,0.15991089994394164,0.1363380645783819,0.8384203325062951,0.6547374143430246,0.5608691055088858,0.7939771974885284
SYN015,SYN072,1137,0.32494095778679627,0.3440108631718224,-0.7231074487891485,1.3483359774232497,1.4370493047471364,-0.7066782509879687
SYN015,SYN073,1137,0.19046629977024954,0.17482324563423,0.5449709360403505,0.77189372249894,0.7090915626921205,0.5187898653043916
SYN015,SYN074,1213,0.09376401380294701,0.13111225859652748,-1.3159583274360738,0.37727420422645225,0.5302309592008895,-1.3207598925272208
SYN015,SYN076,2350,0.2773161773935336,0.26670065251377956,0.5553764825893999,1.148852168855598,1.103692363177841,0.5206340486266299
SYN015,SYN077,1213,0.16690772591627645,0.17123328928148257,-0.1548928120218981,0.6844908481261327,0.7014953291999231,-0.14352938145881977
SYN015,SYN079,2350,0.10585888563926715,0.1223100199701293,-0.8075183577999061,0.4263546027999586,0.4937987530431767,-0.8098768229194618
SYN015,SYN082,1137,0.14519231003908353,0.17960495714709762,-1.1903671614489932,0.5840617813668527,0.7272792068371233,-1.1951822981914162
SYN015,SYN087,1213,0.30820572453056017,0.33183070530401493,-0.9156293914016488,1.2868499964482962,1.3967319451355928,-0.8991892670765145
SYN015,SYN088,2350,0.19209844759896266,0.19308499914987676,-0.04963538360761394,0.7782939543157342,0.7832973733346338,-0.05946235710323373
SYN015,SYN091,2350,0.15883691210175707,0.15211113001240786,0.33390889001819074,0.6417970042183129,0.6148560341791507,0.3216782357294749
SYN015,SYN094,1137,0.10589380578191349,0.12746656434824508,-0.7365181382430611,0.4245638978444718,0.5133506542033806,-0.7446596288189394
SYN015,SYN095,2350,0.18451416041181018,0.17643210829873374,0.4047265184281142,0.7489896547284131,0.716540253544428,0.3850516503433952
SYN016,SYN018,1097,0.09675819865539453,0.09683435146803814,-0.0025426285704295373,0.39845658659217886,0.3991610154183524,-0.005647215043476186
SYN016,SYN023,1097,0.15425751509422614,0.1386261227678124,0.5283613058899602,0.6230511637396847,0.5614897746783054,0.5022814143503652
SYN016,SYN024,2274,0.08380747440903141,0.09074898659465183,-0.3333384156865049,0.33891274778906383,0.36744336201660377,-0.3358310635071476
SYN016,SYN028,2274,0.08276864047797493,0.08509580302650563,-0.11168780479562758,0.33405469705130003,0.3438723484807865,-0.1157990793049982
SYN016,SYN029,1177,0.05347958924917658,0.08748218075646388,-1.1709860525815439,0.2163876244450887,0.3543469968412503,-1.1677155207761902
SYN016,SYN032,1177,0.14171099043711202,0.10318221010038754,1.3404108722898562,0.5759003126923564,0.4183129633311305,1.3245095477844706
SYN016,SYN039,1177,0.08382901504708003,0.10123976451177477,-0.6017244670402934,0.3385391012332725,0.40918560057746695,-0.5988372790269261
SYN016,SYN044,1177,0.1232525940295447,0.11987510421076009,0.11746117434068461,0.5131096644437931,0.5042264597944411,0.0729248652269636
SYN016,SYN046,1097,0.18789856325395723,0.16445729971220074,0.8002144432343229,0.7647333199452421,0.6726034776422852,0.7443754005130495
SYN016,SYN047,2274,0.12221371845676833,0.09164770618864376,1.4735929966906023,0.5003382434999853,0.3755366243034086,1.4489980321243126
SYN016,SYN048,1177,0.06839447326103594,0.12347933758970758,-1.9054477144173863,0.275725815649651,0.49943620119256016,-1.9006246095459525
SYN016,SYN052,1097,0.17927618954541327,0.09264948425691222,2.921203064544761,0.7315023576466563,0.37740278687749707,2.8544404437136475
SYN016,SYN054,1097,0.03320001230851615,0.08503446310477297,-1.7208641714577673,0.1339935265808489,0.3454758638977696,-1.7325978477172177
SYN016,SYN055,2274,0.08919818948674273,0.09467145911006511,-0.26305272371999566,0.36157987505889705,0.3843183972035914,-0.26695467777678555
SYN016,SYN057,1177,0.13429779524612653,0.08137182789492842,1.8352279099874387,0.5438563234576738,0.3281589974723607,1.8198948180502037
SYN016,SYN058,1177,0.07411031209101536,0.12592182635410973,-1.7936127515281948,0.3035304231989776,0.5207416791004179,-1.8149681882498279
SYN016,SYN060,2274,0.10471557101863484,0.10373022010840068,0.047472578420431726,0.42329846764922646,0.41964269914973823,0.04302558189603624
SYN016,SYN066,2274,0.13213553947502518,0.14614679903675826,-0.6809011638547474,0.5523163788902336,0.6111520447966037,-0.6684088085468075
SYN016,SYN069,2274,0.0989944617015691,0.10694118586794879,-0.3827615022037805,0.4293637795127448,0.4642534060140246,-0.38219092941878763
SYN016,SYN070,1097,0.1450489043594653,0.16884641790303012,-0.8070401320804794,0.5937554706863389,0.6976241551273594,-0.8360821403753159
SYN016,SYN071,2274,0.0698331879353773,0.08860003982351138,-0.9000094052549372,0.28287695070867697,0.3597518167822494,-0.9036500550426263
SYN016,SYN072,1177,0.15840726589444357,0.14696387038398018,0.40145679522937644,0.6430473163252975,0.595840628948614,0.39684369700621525
SYN016,SYN073,1177,0.11592123291576825,0.10869248638918363,0.2508485406874385,0.46925283369479187,0.4401700252105509,0.24565838838846427
SYN016,SYN075,2274,0.08570527047976124,0.08424976922362562,0.06986645813562561,0.3508679199241842,0.345305639977782,0.06465499370490262
SYN016,SYN080,1097,0.10006450485265536,0.10996935496224683,-0.33126577380280164,0.402291641722696,0.4443497782160346,-0.34558239527670287
SYN016,SYN081,1097,0.2241871236302373,0.18076825426398035,1.4977890005356551,0.9282435437767776,0.7435553096984375,1.461195059604913
SYN016,SYN082,1177,0.13844813226282804,0.14900847802081166,-0.3694725669209062,0.5608626175585032,0.6041132333568063,-0.3647136913392774
SYN016,SYN084,1097,0.0685877733795163,0.07661893008174657,-0.2670450213331249,0.2761899249737555,0.3098224105374924,-0.27609916173557875
SYN016,SYN086,1097,0.1301605295947002,0.13324560710431077,-0.10384231376648151,0.5249077622724578,0.5396793957397619,-0.12085864100439628
SYN016,SYN089,2274,0.08778420385931207,0.11170098806809901,-1.1512651422168487,0.35424624205911937,0.45196970150033017,-1.1527898013145221
SYN016,SYN093,2274,0.09419569475688512,0.10922547819042434,-0.723745859692319,0.3822534902638135,0.4445606894289184,-0.7307359936336767
SYN016,SYN094,1177,0.1098410186204048,0.08673559451792802,0.7994369244458156,0.4439357124746825,0.3498803278236197,0.7959947447496576
SYN017,SYN018,1094,0.13440418142916652,0.142436171318936,-0.27048300986497925,0.5496737391714148,0.5862239789473755,-0.2942507961098806
SYN017,SYN019,1159,0.22084313901947158,0.1878597312755634,1.1704373749733785,0.9025075342162573,0.7659197693850822,1.1268614119496774
SYN017,SYN022,2253,0.15012750884104867,0.11288797635287869,1.7977391470936708,0.6088312332104712,0.45618483930010395,1.7787122560074555
SYN017,SYN023,1094,0.21501602051117266,0.19998737801934288,0.5187476210287724,0.8736036447532084,0.8120126631468205,0.49694303334610435
SYN017,SYN026,2253,0.1592639480364398,0.1497941939647891,0.4601824561721489,0.6434573790436184,0.604540267314519,0.455021727701349
SYN017,SYN027,2253,0.14018554228362073,0.11604777307042083,1.1641229950272292,0.5660393581409107,0.46762201753443033,1.1525123155667514
SYN017,SYN030,1159,0.13325661838888103,0.14693695082640634,-0.4744514045414402,0.5474810893757972,0.6050931058076493,-0.4753580992327506
SYN017,SYN031,1159,0.20259629209849953,0.17963317946611107,0.810386064678827,0.8446233792782821,0.7489777428493437,0.7734777434319483
SYN017,SYN035,2253,0.1451387283845956,0.12945722251511516,0.7581475029424171,0.5877398566077648,0.52349662940395,0.7499089428854844
SYN017,SYN040,1159,0.11373803402275458,0.1167059478513908,-0.10226685501170057,0.4575199945281237,0.47054454124918366,-0.10988944480506645
SYN017,SYN042,2253,0.12224738380916557,0.14183256505983874,-0.9455238747311806,0.49925100466641015,0.5788958672168706,-0.9226867094442681
SYN017,SYN043,1159,0.1431256088325129,0.14223224144411206,0.031005684710442682,0.5801720191788077,0.5757677566733369,0.03681830527765147
SYN017,SYN045,1159,0.23251097791328496,0.15298100627283626,2.810129058142793,0.9589808969939809,0.6255411372523965,2.721728330696229
SYN017,SYN046,1094,0.16012282332770478,0.14989296886880002,0.34621708002809587,0.6565473312337228,0.6109625346917514,0.3655880009193045
SYN017,SYN049,2253,0.1471759957228701,0.1355751618002248,0.5615055216823721,0.6327225808107385,0.5830167118525812,0.5453035870298927
SYN017,SYN051,2253,0.20255144656507376,0.16894414377539232,1.6512850368193122,0.824221292507655,0.6844435526953246,1.6180068573767237
SYN017,SYN052,1094,0.1488480496369138,0.12346360632932901,0.8543430072460632,0.6066634867610762,0.5013540687226569,0.8502029290535161
SYN017,SYN054,1094,0.10808898687895566,0.11951161031367757,-0.38224722475002737,0.4360431345843279,0.4842105952214631,-0.3937127607527907
SYN017,SYN059,1159,0.38927342164771905,0.3888123474558887,0.01847240173667264,1.6490626589604818,1.6494567722466527,-0.0030740330143918778
SYN017,SYN061,2253,0.27146800377418345,0.2679759840377914,0.1786371208396945,1.123005480078734,1.1084075434079048,0.165124188202755
SYN017,SYN064,1159,0.21759675347473414,0.20581092727871825,0.41952640952191966,0.8976978665193577,0.8430743436998956,0.44619805818941793
SYN017,SYN068,1159,0.18999706112513462,0.1677580318958967,0.7811583077770592,0.7961054866563828,0.6983628223063139,0.7872211839413551
SYN017,SYN070,1094,0.14905276337732326,0.12074993968449596,0.952248101551068,0.608251460902926,0.4920592432410829,0.9368469527162396
SYN017,SYN078,1159,0.1863920793800802,0.14851473407951762,1.3251649585319532,0.7734031654761186,0.6135685501156461,1.3006242401990376
SYN017,SYN080,1094,0.1807517760415965,0.14881013523943498,1.084593871087972,0.7310437703013881,0.6005412823444265,1.060294108934389
SYN017,SYN081,1094,0.1578210788569123,0.14603663851114865,0.39844559060385565,0.6392358858301995,0.5936316581986067,0.37040717409766855
SYN017,SYN083,2253,0.17115288793942698,0.1703895707922948,0.03729493877552819,0.7024298528818756,0.6990155001650341,0.039246192545369527
SYN017,SYN084,1094,0.12111895747429374,0.12446182402491716,-0.11210623906294351,0.4875503093617605,0.5025162595189988,-0.1225443309767487
SYN017,SYN085,2253,0.11013889002642901,0.1386823083587901,-1.3753196602225135,0.4430210044597164,0.5590878543332793,-1.3662090121164174
SYN017,SYN086,1094,0.15829546327370536,0.1732241131911914,-0.507039682441214,0.6396845569903425,0.7017635522982962,-0.5054591317980027
SYN017,SYN090,2253,0.20285996935840053,0.1662984408410161,1.7956714513076972,0.8415245390985157,0.6855164156918983,1.769464179227885
SYN017,SYN092,1159,0.1393662612951164,0.12857187101883574,0.373720592571123,0.5630044070533462,0.51832726871968,0.3748839151942067
SYN017,SYN096,2253,0.15408074170341357,0.14457667515860664,0.46110342158214335,0.6228385919849957,0.5839001518410993,0.4551539238665079
SYN018,SYN022,1094,0.10168223531482065,0.12938127376739286,-0.9273476043502071,0.41704947361520633,0.535387222878907,-0.9510872565948992
SYN018,SYN023,2191,0.1560293621985045,0.16902629994016902,-0.6244503541103411,0.6410038964923849,0.6952414340562693,-0.614716725621949
SYN018,SYN024,1097,0.14260439326914925,0.11982674781613571,0.7666206836306622,0.5849552645968434,0.48957280677320164,0.7664745851533543
SYN018,SYN026,1094,0.17102670513165943,0.13067976965714076,1.36391135086444,0.7017149343067222,0.5356263660962365,1.3299851596755832
SYN018,SYN027,1094,0.1597716736094349,0.18784963257208306,-0.9563863376705821,0.65797228001294,0.7799733044838969,-0.9737703779265424
SYN018,SYN028,1097,0.10589176999712688,0.10652124891481694,-0.0210579683431797,0.43319557790988583,0.4347066117297502,-0.012197360732910872
SYN018,SYN035,1094,0.08876435453277502,0.11140140809547043,-0.7553075860388894,0.36842481027450025,0.45942973515045044,-0.722764065973447
SYN018,SYN042,1094,0.09426604808088272,0.10808161174408093,-0.46105916725753204,0.390661237936368,0.4508343902069818,-0.4785741854886652
SYN018,SYN046,2191,0.2472519158657074,0.24537075289072785,0.0936767303592372,1.0597915071084683,1.0519252411112268,0.08458111473765657
SYN018,SYN047,1097,0.08444754506303337,0.11230790553692165,-0.9305688708928344,0.3539907973990007,0.47178399620271366,-0.9273839917537503
SYN018,SYN049,1094,0.1761680309862164,0.16884815379334472,0.2491947049338859,0.7552657529770005,0.7218640131538943,0.25550520842133756
SYN018,SYN051,1094,0.11818570961330314,0.14046730530598922,-0.7485198781091035,0.48521560148314424,0.5795444021641943,-0.75688373326663
SYN018,SYN052,2191,0.1226605945738897,0.10967356816427101,0.61580119305024,0.5018753406363342,0.44900434717755977,0.6028854882987191
SYN018,SYN054,2191,0.11920338083134205,0.11335635354500075,0.2772504509658806,0.4873394296113289,0.4636788345008854,0.2700615593043006
SYN018,SYN055,1097,0.13538010378569224,0.15392368842485846,-0.6264693398168311,0.5550377720556242,0.6309501552862787,-0.6105809503844427
SYN018,SYN060,1097,0.1266867206222498,0.09645985773542441,1.012458435454447,0.5222059721099437,0.39619783316649937,1.007988155750688
SYN018,SYN061,1094,0.1536413231046676,0.13679852418185193,0.5683223629588091,0.6270544768703058,0.5599417596858504,0.5410681240039092
SYN018,SYN066,1097,0.18595253934187686,0.13590349493948212,1.699820008583737,0.8108969563133396,0.5877806219890028,1.675483600652161
SYN018,SYN069,1097,0.1583234572260019,0.14255940981049597,0.5334928584025904,0.6860145468289297,0.6114332659365516,0.5659953716171685
SYN018,SYN070,2191,0.12077290663327334,0.11631000984367258,0.21173238943800365,0.4953929886278667,0.4774194897742541,0.2044526320067262
SYN018,SYN071,1097,0.1401921700971518,0.11116793003789271,0.9754772159729128,0.5763446596440427,0.45447687722516017,0.9773233109687831
SYN018,SYN075,1097,0.10207771547015733,0.11501100003375564,-0.4328835658692455,0.41976851288557804,0.4730073284253718,-0.42768178611304336
SYN018,SYN080,2191,0.154213463562225,0.12560628031740353,1.3649505070905654,0.632593983154652,0.5139205269862223,1.3472736967214474
SYN018,SYN081,2191,0.13805859718893276,0.1197435340716548,0.871208076963724,0.5651324313363335,0.4900867695283104,0.8546843673629717
SYN018,SYN083,1094,0.20463543881162646,0.14401068199728856,2.0659466578056347,0.8389725335544788,0.5921264373239232,1.9741688783736604
SYN018,SYN084,2191,0.14034239871763837,0.11285964413110042,1.3065640115921355,0.5737772007849649,0.4608626638266459,1.2873713813501833
SYN018,SYN085,1094,0.12089704856391534,0.12087024202498826,0.0008985582331875124,0.4925210662995807,0.4948567780419128,-0.018891591334483846
SYN018,SYN086,2191,0.2319975905070177,0.2217421694947894,0.5057442330223845,0.9714046419125244,0.9268408543850316,0.4922635016655425
SYN018,SYN089,1097,0.1353249842181314,0.13351208441993015,0.06106626101696146,0.5638432457658652,0.5505211066464151,0.10533263294293861
SYN018,SYN090,1094,0.13447890993354342,0.14409832666292866,-0.32402125188174363,0.5695203006032805,0.6112321641280267,-0.3238255876655007
SYN018,SYN093,1097,0.137620388353875,0.15937515648132125,-0.7358109888799124,0.5747228138354116,0.6677482634660764,-0.7336670447615613
SYN018,SYN096,1094,0.2396143675945883,0.21832741279798532,0.7420525824300387,0.9997056563991679,0.9115803933824871,0.6896673542420678
SYN019,SYN022,1159,0.20030550043715667,0.1581685527944195,1.480465705840756,0.8200175097949022,0.6462005679290873,1.4333550437657487
SYN019,SYN025,1123,0.11610365357479067,0.13272160082313758,-0.5649005190474151,0.47042816368726703,0.5365518725277595,-0.5450282723339809
SYN019,SYN026,1159,0.21387471490087556,0.25130687458533824,-1.345686104128659,0.869488940811089,1.0329654669034127,-1.3568965716987702
SYN019,SYN027,1159,0.11882189177008433,0.14566638731810108,-0.9290197882360828,0.47840212803763027,0.591378435277998,-0.9520925945172372
SYN019,SYN030,2282,0.17014401362144302,0.17725260061438877,-0.34991490719412455,0.7117120056154106,0.7421626042638694,-0.3453415208864097
SYN019,SYN031,2282,0.1789768463862308,0.17201919605078358,0.342707172908169,0.7388100775874187,0.7103528612701044,0.3270924261890563
SYN019,SYN033,1123,0.1610771641628123,0.1624530484336991,-0.047283207680671874,0.6651860008609359,0.669601334381628,-0.03561731353901444
SYN019,SYN035,1159,0.27988682737762416,0.256154802584253,0.8693954416703784,1.1514073698704819,1.0638408945579598,0.7139570036168725
SYN019,SYN036,1123,0.2533868299668028,0.2720826509175962,-0.6721021298988799,1.0441996971482084,1.121616641264283,-0.6214898895403306
SYN019,SYN037,1123,0.1620221591306202,0.16464471556938676,-0.09017320677066065,0.6601403975485663,0.6687535326198134,-0.07044514247599389
SYN019,SYN040,2282,0.11748297223421965,0.1379605454302675,-0.9938254233258013,0.4756691324712605,0.5600853263912043,-0.9930316921253757
SYN019,SYN041,1123,0.18070359347313128,0.1740703135449886,0.22920515558934895,0.7423249431648014,0.717548311369627,0.20069689439420524
SYN019,SYN042,1159,0.08746996072329365,0.1282143875355793,-1.4018166317474616,0.35743086385891926,0.5270595619824682,-1.4095296873079939
SYN019,SYN043,2282,0.1451258975649273,0.1460425127041454,-0.04470570386638639,0.5871250081981844,0.5910663466975785,-0.04634808118606094
SYN019,SYN045,2282,0.16653509273963624,0.16401376928335573,0.12374539774675065,0.689561215504795,0.6784369085444276,0.127540075707125
SYN019,SYN049,1159,0.18613909043052854,0.13880083158524845,1.653489448591908,0.7864306430926205,0.5905069694527392,1.5646512898998215
SYN019,SYN051,1159,0.09938774747511354,0.15785269903629695,-2.021871343281808,0.39980460469261303,0.6423894515768006,-2.0476004270328647
SYN019,SYN053,1123,0.15695229190748852,0.14108454288522712,0.543109437390462,0.6448783636904828,0.5791111390570874,0.5334409593866014
SYN019,SYN056,1123,0.1695071940951668,0.17201646966228293,-0.08649874234823365,0.708366339014202,0.7253659275276881,-0.13537447737645195
SYN019,SYN059,2282,0.18607426268652602,0.1499064668046042,1.7769735999677723,0.7554875137327373,0.6062765757817244,1.7441634702581585
SYN019,SYN061,1159,0.2035260675607101,0.16211294789470532,1.456979735681848,0.8255673929690107,0.6576572764742186,1.3980011178146488
SYN019,SYN062,1123,0.2157242566033098,0.1925374678341498,0.8097633227878857,0.8891996661630268,0.7848464834935122,0.8401427505972704
SYN019,SYN063,1123,0.08628613596124363,0.1226986866560954,-1.2321930982293363,0.38503235919835244,0.5472862279482326,-1.2124861531269846
SYN019,SYN064,2282,0.36832469962977343,0.36761647612305437,0.039104657379760474,1.5526792040912292,1.5495124728304788,0.034958196167730715
SYN019,SYN067,1123,0.10327863466027251,0.13278420811922204,-1.0014740737515349,0.43035601572425525,0.5517240728896541,-0.9722729534143577
SYN019,SYN068,2282,0.17249635628468918,0.17303932788167234,-0.026718361974214722,0.7303513157969115,0.731716848665855,-0.01528876703758882
SYN019,SYN074,1123,0.1409070375253145,0.1504349445242182,-0.3257805098835384,0.5724427019977383,0.6091439394436164,-0.3014122482160657
SYN019,SYN077,1123,0.32771888222078344,0.3336659642973996,-0.223466105975708,1.4168367958582546,1.4395690566759665,-0.17154717363517252
SYN019,SYN078,2282,0.11739343666808245,0.142219746006746,-1.2055595770205108,0.48067919149150057,0.5837414369370084,-1.1987597730744537
SYN019,SYN083,1159,0.12762011770481216,0.16036078106509188,-1.1368635967679346,0.5232323663424271,0.6540993601835072,-1.082333761360794
SYN019,SYN085,1159,0.11795604559257097,0.1317699165452364,-0.4771183193982466,0.4741386559128372,0.532512426773788,-0.49278865998242194
SYN019,SYN087,1123,0.16921943474364345,0.1821548600295644,-0.4466968871686084,0.7021657774409948,0.754099409094603,-0.41642339083920743
SYN019,SYN090,1159,0.2729636201850124,0.28670478554002427,-0.5069045776477962,1.1575247569736666,1.2320419122477224,-0.5877624309358169
SYN019,SYN092,2282,0.16308504817930908,0.1786064600286009,-0.7632704210511699,0.6603470593381083,0.724614603726021,-0.7543715220892963
SYN019,SYN096,1159,0.11867060728471339,0.1561873652637372,-1.3002923137409483,0.47800049945549444,0.6347605108096934,-1.3204895174529747
SYN020,SYN021,2350,0.1383595084313818,0.1214745900106236,0.832069316914955,0.5685138198298674,0.49836732457999344,0.824197547747019
SYN020,SYN025,1213,0.09192966979739003,0.10720836246164797,-0.5368028721147136,0.3730607684794941,0.43505157603938,-0.5306957542382928
SYN020,SYN029,1137,0.14826231391656366,0.10876346198862755,1.3526479810046688,0.6010389615661434,0.44109972340823206,1.3240381318611574
SYN020,SYN032,1137,0.058606555703210786,0.10215337855775823,-1.4762127259453848,0.23779825369681123,0.41782434041142325,-1.493115324073091
SYN020,SYN033,1213,0.20217593846690687,0.16127555490241316,1.4715521648610044,0.839003299030173,0.6662396845836527,1.4369111152013891
SYN020,SYN034,2350,0.1759531448435427,0.13621448184009594,1.9735384965784417,0.717642445117,0.5536622329160521,1.9372320977503221
SYN020,SYN036,1213,0.1782165498784904,0.11867014829056534,2.1186938026130484,0.7291921971599057,0.481546363075289,2.0935859113952366
SYN020,SYN037,1213,0.1957074843185035,0.22544488068490542,-1.0825126667864278,0.8012624797120531,0.9262537666721449,-1.0548986992652594
SYN020,SYN038,2350,0.13455155312291778,0.15209123603942468,-0.8675696539552397,0.5461589114531026,0.6186558298577504,-0.8626154609997168
SYN020,SYN039,1137,0.12225691665037483,0.12586777311675998,-0.12349622030623307,0.4942372649734581,0.5106985551227781,-0.13682281330022067
SYN020,SYN041,1213,0.18411186212652095,0.1500293519207271,1.219739706542892,0.7676304733840651,0.6186886609571325,1.234421570127754
SYN020,SYN044,1137,0.04284993054960977,0.11501209300635903,-2.4463846626836845,0.18263693637336395,0.49401964400177517,-2.4552546676858125
SYN020,SYN048,1137,0.18017527771153136,0.1535174377706268,0.923468741672162,0.7330927640953596,0.6252129513759082,0.8880253790480234
SYN020,SYN050,2350,0.3225625270400224,0.33107880301589937,-0.4619209005909635,1.376378463742644,1.4157232983345587,-0.4366993886720331
SYN020,SYN053,1213,0.20204747757389344,0.16521030301143075,1.3262754887019679,0.8378021743881766,0.6812687013460118,1.3030292308386655
SYN020,SYN056,1213,0.4033242856170933,0.41145584407795954,-0.33914718596949356,1.7928148368278685,1.82147068603615,-0.21509522496082675
SYN020,SYN057,1137,0.02470486157968107,0.10087699620024998,-2.5765147263324306,0.09941327079265717,0.40874260641254184,-2.589634752603833
SYN020,SYN058,1137,0.2905493972412408,0.3075276789177788,-0.6279138225502956,1.2157369724587468,1.2902425860577746,-0.5898617624149859
SYN020,SYN062,1213,0.30100315906385766,0.31232537246385217,-0.43473406339703813,1.2543230945551094,1.3035096377118345,-0.4036705171335365
SYN020,SYN063,1213,0.10919157974585977,0.10872132635097204,0.016554314870071446,0.48586914770871403,0.48869435488451496,-0.0219820923808691
SYN020,SYN065,2350,0.35575697582750615,0.36732435659726975,-0.6446687825256672,1.505237621018639,1.5592619757367143,-0.6033551429291047
SYN020,SYN067,1213,0.1273495214968134,0.1176579441770919,0.3422612561839119,0.5306626328558082,0.4919588361218379,0.32192372953553333
SYN020,SYN072,1137,0.13090830454993954,0.14657030095553014,-0.5377797819264455,0.5318732643955821,0.5989288621996232,-0.5542004860608074
SYN020,SYN073,1137,0.09397808684926999,0.15016944740038413,-1.9214085055093353,0.37938286868045534,0.610628865963417,-1.9269968837587679
SYN020,SYN074,1213,0.22995027789532635,0.2393425867786255,-0.3457518410052413,0.9454684299475307,0.9846286810611767,-0.32818088275653784
SYN020,SYN076,2350,0.08354322959875914,0.0932944084658076,-0.47613033536880844,0.34248320801461946,0.3831499105186105,-0.47990469910690337
SYN020,SYN077,1213,0.16087942814661157,0.14525582312265153,0.5565194379462836,0.6755222744893913,0.6042386170521057,0.587073854131102
SYN020,SYN079,2350,0.1045925742414995,0.09907846317019223,0.2699358511428604,0.4262905541523465,0.4038862113210599,0.2657820539582092
SYN020,SYN082,1137,0.12561583144613572,0.17088371145240633,-1.5589447523333484,0.5082555289693885,0.6975391841022046,-1.5715761904315524
SYN020,SYN087,1213,0.18593417388113198,0.12765389115150919,2.0790427459574743,0.7793192315930948,0.5283436062480449,2.0672384596847038
SYN020,SYN088,2350,0.14558320064895677,0.1524490993368223,-0.3401796953052689,0.5930497138697852,0.6219338770218872,-0.3422221573503734
SYN020,SYN091,2350,0.07851997449572837,0.12589519317316195,-2.319818565452548,0.31751799388047136,0.5107891232017705,-2.3134608265777925
SYN020,SYN094,1137,0.07118910760360592,0.11175554047174034,-1.377794851385038,0.28691881629751015,0.45328501147538336,-1.3893481295342476
SYN020,SYN095,2350,0.1421323656901515,0.15234909843122799,-0.5059315644449989,0.5823670566068299,0.6258468713984106,-0.512145274836168
SYN021,SYN025,1213,0.15095761292515478,0.16083563775714987,-0.35216982894319543,0.6235547029002801,0.6618600345236058,-0.3211624328093514
SYN021,SYN029,1137,0.10004350475317038,0.0718950954683954,0.9550185464985131,0.4063122245147457,0.29310483014490163,0.9374611875939778
SYN021,SYN032,1137,0.10057919936994288,0.09220343809682906,0.2847000175525131,0.4124097623983844,0.37994160092983104,0.2661292230546673
SYN021,SYN033,1213,0.1742593829906663,0.17758020148813403,-0.11920407588638714,0.7264654192163893,0.7377336351177911,-0.09347665044427103
SYN021,SYN034,2350,0.11064830674707436,0.11055053755257847,0.004795166944905068,0.4522037437054169,0.4515847128598293,0.007322924514582902
SYN021,SYN036,1213,0.14536220560608643,0.09357128975464184,1.8280730096015845,0.5991426517186443,0.3818232582320183,1.8268074444729696
SYN021,SYN037,1213,0.0429992850917631,0.10660661950332886,-2.225806601190375,0.17631639551701409,0.4358446339337022,-2.2031953453456716
SYN021,SYN038,2350,0.10489343253158963,0.10053572895743236,0.21336404000162523,0.4281763938743841,0.4101320021317756,0.21375040791217173
SYN021,SYN039,1137,0.14240384858539598,0.08320142995788411,2.019959923179484,0.5799513487130682,0.33904754511950774,1.985368485739092
SYN021,SYN041,1213,0.19321367292474453,0.21275391219658585,-0.7089449677205841,0.810937549716014,0.8858634015382579,-0.6162825078195219
SYN021,SYN044,1137,0.11048132159306019,0.10356217769703589,0.23570222873402524,0.48095434105564916,0.4485929749176856,0.24928014420563324
SYN021,SYN048,1137,0.10535412489329087,0.10147848039019475,0.13192308560692825,0.42790014893828987,0.41437849166186747,0.11192614452319806
SYN021,SYN050,2350,0.08731463302619755,0.10407712382390005,-0.8195985884952026,0.3654818439448208,0.4350565138171607,-0.8043395701316132
SYN021,SYN053,1213,0.11778052748313976,0.07627899897403015,1.4575728304481357,0.4897554352434327,0.3152185820706606,1.4570025124060317
SYN021,SYN056,1213,0.08353907629707683,0.12934425412342868,-1.6118928594767699,0.3578045929755742,0.5464190311461883,-1.5314659491327054
SYN021,SYN057,1137,0.05642038688596574,0.07324429284296138,-0.5689486981610972,0.22850574989619418,0.29847118463891115,-0.5816594742405365
SYN021,SYN058,1137,0.17318795021248695,0.1344379347960526,1.336711516768916,0.7154334000192325,0.5546796273154322,1.3033784310277574
SYN021,SYN062,1213,0.131578445964039,0.12390979622946513,0.2711810994696064,0.5403153899011485,0.5072259992882268,0.27947072791550104
SYN021,SYN063,1213,0.09510506502153765,0.09813165482665932,-0.10627223753960575,0.4280709441814187,0.44508617866338407,-0.1308992206358542
SYN021,SYN065,2350,0.12321351476720314,0.11547118751444972,0.38050498384916365,0.5073886657266198,0.4750087282781262,0.3799116179860367
SYN021,SYN067,1213,0.11700628180600879,0.10619782845849629,0.380718384172363,0.4933590835090003,0.4475898656491229,0.37624824808540186
SYN021,SYN072,1137,0.13087611333501212,0.12537820435173583,0.1882322594735093,0.5352380195261999,0.5153489609648659,0.16327147009756132
SYN021,SYN073,1137,0.1334366420734533,0.1314603376253114,0.06774025115183559,0.5429989112978396,0.5374463345255549,0.04582086873008353
SYN021,SYN074,1213,0.11110815512717753,0.1025311281545937,0.3017979301524004,0.4555983552315314,0.4185452043543932,0.31372143083999404
SYN021,SYN076,2350,0.05629379441899575,0.07529486732935033,-0.9245536490964592,0.23218448093982821,0.3112640000103513,-0.9280156793948242
SYN021,SYN077,1213,0.1486329180091465,0.11123542386108015,1.323381211769849,0.6318096770495883,0.4646466155749668,1.3602373799371257
SYN021,SYN079,2350,0.08146096299102466,0.08778133532013599,-0.30840525061747703,0.33421451514848804,0.36040212450548426,-0.30881904117815884
SYN021,SYN082,1137,0.1489460280475698,0.1386877951950799,0.3527444090905936,0.607735491144833,0.5684428507675728,0.3230652535544942
SYN021,SYN087,1213,0.10839655696186674,0.10530202918879611,0.10888654014822378,0.45389308372686205,0.4384827829048681,0.1276434676965362
SYN021,SYN088,2350,0.13511686481780344,0.12684136189021486,0.40791421517103654,0.5546485243325704,0.5201589328833636,0.40563931203914616
SYN021,SYN091,2350,0.13895527291303864,0.13103252146558497,0.3909510321844958,0.5687192501551123,0.535719853808035,0.38924797192389954
SYN021,SYN094,1137,0.178865957901552,0.17227196384912882,0.22911549624040542,0.732557192353769,0.7089901009148352,0.19267886484370286
SYN021,SYN095,2350,0.09182316477556586,0.13102909837189397,-1.9235052539581876,0.37742633358906424,0.5415088851446386,-1.9306615173305701
SYN022,SYN023,1094,0.13138326434929007,0.1421745822143035,-0.3632398054498596,0.531019694320534,0.5758699696829259,-0.3655920907638715
SYN022,SYN026,2253,0.10994641406146001,0.11778819353581038,-0.3768565257343307,0.44408374595745476,0.4759630667553898,-0.3736758226125676
SYN022,SYN027,2253,0.16886130350844103,0.18600732427380043,-0.8397688130583479,0.6861222981683621,0.7571529626230568,-0.8251998541559755
SYN022,SYN030,1159,0.3275948903582911,0.2595764373283507,2.5322324891021677,1.3852486736775995,1.0846161263581013,2.3653933216044933
SYN022,SYN031,1159,0.1693297820302214,0.12498830181547055,1.541262512515693,0.7063051028158457,0.5207078263070413,1.5036478344072401
SYN022,SYN035,2253,0.06776353779634049,0.10272030453015553,-1.6704579956021066,0.27414671576988625,0.4159311577356049,-1.6616046202867456
SYN022,SYN040,1159,0.08425901722786058,0.08683824012039455,-0.08834015216222973,0.3395628024896904,0.35073445583606633,-0.09417271063331199
SYN022,SYN042,2253,0.09203652760251271,0.10772202096861416,-0.7515415898124024,0.37630899250553784,0.43958692860652543,-0.7331818086581747
SYN022,SYN043,1159,0.14067176449172625,0.11593158943098582,0.8552917314612318,0.5728460707815338,0.4705761866802146,0.8509836626628766
SYN022,SYN045,1159,0.1395528859661757,0.11462489808880787,0.8615139492473582,0.5706180324936174,0.46825269299847516,0.8485365790602953
SYN022,SYN046,1094,0.1320486234566358,0.12194491076532643,0.339202342384714,0.5412840870693995,0.4970438815005935,0.35550852772117403
SYN022,SYN049,2253,0.0733324704311751,0.0958874600387133,-1.0776387512987307,0.313552424338356,0.41307934736129087,-1.1021809490680718
SYN022,SYN051,2253,0.1355162970002452,0.1260959341892616,0.45462945835065277,0.549339434895505,0.5104987318651099,0.4531237342138055
SYN022,SYN052,1094,0.03838205968878079,0.09863534193990266,-2.000187805846014,0.15570357652992975,0.4018586153373608,-2.0030705410619527
SYN022,SYN054,1094,0.08347259896307331,0.08907718641945343,-0.18650990683591145,0.33793294393739476,0.36188758571420965,-0.19523407886013985
SYN022,SYN059,1159,0.10170158908766448,0.09008124074743118,0.39876319006591465,0.4104024590367066,0.3638347962325908,0.3917939188985127
SYN022,SYN061,2253,0.12175278210025242,0.10615729868060476,0.749507643039679,0.49475160060011536,0.431150065687417,0.7405076328300004
SYN022,SYN064,1159,0.09423186475837193,0.15704862865981434,-2.1707968844096883,0.38397508822505105,0.6428693623522389,-2.156805600459211
SYN022,SYN068,1159,0.15414318276992725,0.11652482309444635,1.303055220940908,0.6437608968573959,0.4833100776302046,1.3002592676104763
SYN022,SYN070,1094,0.16503371093040795,0.19148969963209442,-0.902590342270832,0.6800961736690504,0.7939474161413475,-0.9077864579073757
SYN022,SYN078,1159,0.1238780340069826,0.10333616797489803,0.7075820888869506,0.5119341646256561,0.4273801119140032,0.6934734477342981
SYN022,SYN080,1094,0.09614530494980933,0.10675432956786252,-0.3540666870855464,0.3876128376038026,0.43111044544350163,-0.3559546159617763
SYN022,SYN081,1094,0.12352055162738715,0.10390761147109392,0.6563301609111064,0.5013699310227143,0.42292786914253083,0.6367381513441847
SYN022,SYN083,2253,0.1065635551368945,0.1211329748956757,-0.7001765835643706,0.4363362026951259,0.49701964048218206,-0.7014688975828807
SYN022,SYN084,1094,0.12725424816228584,0.12884482754304874,-0.05341310668186419,0.5153410865125942,0.5231925012303774,-0.0638753719851165
SYN022,SYN085,2253,0.08956547283925026,0.10701029769275237,-0.835574793743227,0.3612814351084801,0.4320655416373693,-0.8314082522821706
SYN022,SYN086,1094,0.13394410642633287,0.13471028152766484,-0.025772011365358456,0.5421442952760823,0.5455213971000462,-0.027486168718487768
SYN022,SYN090,2253,0.18492085082053733,0.18607613386831068,-0.05675273796682859,0.7658443520964578,0.7690317953168672,-0.0362648619557062
SYN022,SYN092,1159,0.0629385021894187,0.09730270626122689,-1.176051110709796,0.2537514066086803,0.3931080547392709,-1.1746857934221098
SYN022,SYN096,2253,0.09721076205860882,0.11513303279340054,-0.8598445852399627,0.3927039497270799,0.4655157786527553,-0.8537565357126387
SYN023,SYN024,1097,0.1470931928289425,0.1587471852787937,-0.394698370356903,0.5931918503459889,0.6419038946720018,-0.39821385819378885
SYN023,SYN026,1094,0.20385906381938323,0.2168774126809417,-0.4499184052767045,0.8263813067291803,0.8817284324347288,-0.44797650157262253
SYN023,SYN027,1094,0.1811212582477485,0.1399471001593238,1.3961941294824918,0.7338727151606959,0.5647174138624624,1.3717249598690242
SYN023,SYN028,1097,0.2662939630624622,0.2030290260438345,2.2154371338892536,1.0923906462242075,0.8245192167821533,2.133733310670935
SYN023,SYN035,1094,0.07088589395618212,0.13885587132801944,-2.2709572877235726,0.288594270670813,0.5618876059192457,-2.2163809918598303
SYN023,SYN042,1094,0.1012057038945213,0.14409841310647295,-1.438634803546023,0.4118522207295442,0.588765508675426,-1.433913308247222
SYN023,SYN046,2191,0.15283312004158664,0.1727438470865903,-0.9567339950148533,0.6227695445179863,0.7065392355696947,-0.957695543634759
SYN023,SYN047,1097,0.1569602256897702,0.1332836857496585,0.8000064732890285,0.6443715886264352,0.5468083736730183,0.7825968989368515
SYN023,SYN049,1094,0.18320843912530896,0.13937633148106876,1.4867282812887324,0.7966858484411871,0.5961740451795478,1.5090447975180337
SYN023,SYN051,1094,0.2684785610234692,0.26701708383645234,0.05200091431887441,1.1047087947445857,1.0980162402774536,0.05305023980450961
SYN023,SYN052,2191,0.09266623001017685,0.12121874110476308,-1.3511224574300842,0.3739531236388935,0.49078870374622824,-1.3524695470552683
SYN023,SYN054,2191,0.12663779006275808,0.14603026006092365,-0.9243147536582785,0.5119339495718566,0.5916486442142156,-0.9199639207476427
SYN023,SYN055,1097,0.16006137134683446,0.12647551484391883,1.1342722024328666,0.6465964964489124,0.5107199670077521,1.1080821914751287
SYN023,SYN060,1097,0.11981016810755256,0.12329480537406888,-0.11698529924076499,0.48156436006368386,0.4974105206836602,-0.13014073299230494
SYN023,SYN061,1094,0.14106266134707854,0.15906267004043925,-0.6082607324273807,0.5708973550727191,0.6443241104194054,-0.5973890355592716
SYN023,SYN066,1097,0.21100943487677098,0.17371158688808142,1.281231581172998,0.8841411539562029,0.7310347833417866,1.1974048379099662
SYN023,SYN069,1097,0.18827867359480707,0.18365082359935037,0.1585527795377059,0.8252125489216618,0.7956156318921176,0.22110307032669324
SYN023,SYN070,2191,0.16204795123390406,0.1386405430145743,1.1202844998230614,0.6612092925318422,0.5642452974633474,1.1063845983031548
SYN023,SYN071,1097,0.10139346742405415,0.13411188208686797,-1.0975045955500269,0.409559662563187,0.542287279824045,-1.0852783294213926
SYN023,SYN075,1097,0.2542773829769656,0.22594178701897938,0.9946456070965913,1.0518753755516754,0.9336662824881788,0.9338943331975263
SYN023,SYN080,2191,0.24254156241667224,0.23424453884862034,0.4114905409317409,0.9892373527248616,0.9547228728065508,0.39190836035423265
SYN023,SYN081,2191,0.17733908992033165,0.16294571286261753,0.6933503065070519,0.7211647890681814,0.6617086061821663,0.6801975239284004
SYN023,SYN083,1094,0.45853989203266254,0.4562875921644889,0.09407785659976137,1.9963932828524256,2.0106049945823465,-0.10328963876303805
SYN023,SYN084,2191,0.11907451026018678,0.12707727680524936,-0.38009765549192304,0.47921929640231536,0.5121119614254327,-0.38145901293542
SYN023,SYN085,1094,0.12631305362259668,0.1327176821977352,-0.2151566057658061,0.5075197599389635,0.5341414771056053,-0.2183623914684222
SYN023,SYN086,2191,0.1776188444698865,0.1803722289838597,-0.13305560258583687,0.7190501608691121,0.7310976817116022,-0.13847916858868958
SYN023,SYN089,1097,0.2250467639691315,0.18745752184852005,1.2987168668267324,0.9216034631641141,0.7611823453639225,1.2843180800107328
SYN023,SYN090,1094,0.2017495385943133,0.1697176638361558,1.0959356540649818,0.8398823727954935,0.7012461713912441,1.091111647805126
SYN023,SYN093,1097,0.22979580188572357,0.17513428047407067,1.8858202102646386,0.9431041414866195,0.715674196862041,1.8158843690028919
SYN023,SYN096,1094,0.2293740988310125,0.2587181995243615,-1.0307253141042811,0.934700192152546,1.061279930497793,-1.017064760375815
SYN024,SYN028,2274,0.07653961988836785,0.09420310181497675,-0.8479562400313263,0.3074388292411413,0.3788752874445125,-0.8468954374343126
SYN024,SYN029,1177,0.06119568993296594,0.10017989163846007,-1.3446716381919663,0.2460338803340684,0.40357507335297554,-1.3425213545535666
SYN024,SYN032,1177,0.0748930583001947,0.07024955764829303,0.15994610097425896,0.3025848812675431,0.28408747831348996,0.15674482839240428
SYN024,SYN039,1177,0.10391442845899287,0.11593433714835032,-0.41688903514618547,0.41758823633452324,0.46678523117658305,-0.418883474048361
SYN024,SYN044,1177,0.10561194576443307,0.09911683877779642,0.2249037606161859,0.44177750491763995,0.4194467883479418,0.1824461580472831
SYN024,SYN046,1097,0.15226953511691912,0.17389499241661552,-0.7348522790392951,0.6198341635915766,0.7157379978954466,-0.7761962544259529
SYN024,SYN047,2274,0.11458327316903603,0.08554742383448805,1.397802178323944,0.47091732846479284,0.3511413661577736,1.385317607344985
SYN024,SYN048,1177,0.08768713553499669,0.141401900962692,-1.8654132503316796,0.35210655774173955,0.5707446687456927,-1.8639039600800789
SYN024,SYN052,1097,0.146250723055094,0.09399741078021571,1.7540464513468714,0.590943430384643,0.37995443054779,1.7215490248969747
SYN024,SYN054,1097,0.11262345653735908,0.10864932094259545,0.13307629300065582,0.45501761328469764,0.43891438679553696,0.1316085789088566
SYN024,SYN055,2274,0.08878450234726072,0.09019504478825828,-0.06776209332773243,0.35775313067772996,0.36354512292473073,-0.0684243204841047
SYN024,SYN057,1177,0.17632299882767896,0.15561834879810307,0.7295427675351943,0.7139269021422889,0.6290047886581851,0.7150511737443603
SYN024,SYN058,1177,0.15282252190427603,0.14234336664399638,0.3670527923196812,0.6229377337995429,0.5822971934515251,0.3403071563856887
SYN024,SYN060,2274,0.08567974779543916,0.08839038887113392,-0.13016169861180135,0.3457717640754884,0.35680177542917274,-0.13009860074671264
SYN024,SYN066,2274,0.10905438068319231,0.12453431975398266,-0.7479146606346194,0.4588252457714301,0.5244728294493057,-0.7414885295494569
SYN024,SYN069,2274,0.14372553362542273,0.1366397434770932,0.3444436807965486,0.6155499142988311,0.5841099986881836,0.34806600472210175
SYN024,SYN070,1097,0.10489301876859522,0.09759410235108264,0.24391790609133304,0.42489667865293573,0.3957819514415814,0.2373933713073539
SYN024,SYN071,2274,0.12118481303356958,0.09959091254646729,1.0417947997416863,0.4895566875153813,0.4018384920705536,1.0323674735690331
SYN024,SYN072,1177,0.1408582716103584,0.14441370204013929,-0.12435223373888697,0.5696408961116395,0.5848007988349851,-0.1280404597932691
SYN024,SYN073,1177,0.15456046618889194,0.13450048416304386,0.7020189386767393,0.6237913396570767,0.5426107290112505,0.6866703892765096
SYN024,SYN075,2274,0.14360847728605364,0.14848571296483692,-0.23749084937578693,0.5853934221448949,0.6058790636580846,-0.23863742108851405
SYN024,SYN080,1097,0.14463697287552962,0.11776901787191478,0.9043006867742954,0.5831105592227731,0.47429212943844,0.8899569234021678
SYN024,SYN081,1097,0.2239994890267323,0.23763238491418243,-0.47630166002535346,0.9171664283525954,0.974156902012081,-0.45639794944960915
SYN024,SYN082,1177,0.18077191762366898,0.14752594429186688,1.1707962556375413,0.7324171813592525,0.5958861244517172,1.1485232305774518
SYN024,SYN084,1097,0.12402481975835992,0.15711431852873303,-1.116631906388811,0.4996881411043552,0.6355181857389268,-1.1127095739201023
SYN024,SYN086,1097,0.13654878646742385,0.11861825066192118,0.6028953845257771,0.5515313858495248,0.4792942689695126,0.5898437698817927
SYN024,SYN089,2274,0.1411780323674552,0.13651676704127,0.22649968609445725,0.5718809263940084,0.5531936974043847,0.2191061681573784
SYN024,SYN093,2274,0.12061287003075861,0.12482964120142487,-0.20402328815359955,0.4912775899160323,0.5097233282598715,-0.21525116691716312
SYN024,SYN094,1177,0.04059927342266515,0.09641876413446016,-1.9221113644618928,0.16265969575197725,0.3877455481219372,-1.925163531556269
SYN025,SYN030,1123,0.14186481108575436,0.10269267968432692,1.3310325374455405,0.5830443554028404,0.42149499320122874,1.3107968269071504
SYN025,SYN031,1123,0.07895328286338259,0.11162650827716013,-1.1035777152619408,0.3250555781770995,0.45980490296831045,-1.0941899847964396
SYN025,SYN033,2336,0.11513995624115211,0.11811281514814662,-0.14557262066680207,0.4741114339275545,0.4863427719286788,-0.14310930453641774
SYN025,SYN034,1213,0.11047984252169994,0.1119068219879342,-0.05025896683066316,0.44466427402149844,0.45132953976964346,-0.05750536256934303
SYN025,SYN036,2336,0.09067593912230208,0.09506175963328839,-0.21368341823451995,0.36350419840992015,0.3815362711345861,-0.21700996900534583
SYN025,SYN037,2336,0.11590758857407112,0.10940649255842458,0.31804805969657185,0.4682106860273299,0.44204496410793626,0.31218639235648915
SYN025,SYN038,1213,0.07774774216421945,0.1115722220164069,-1.18734287432659,0.3113963688329756,0.44849543221304644,-1.1899579456171048
SYN025,SYN040,1123,0.1845611152587706,0.14526945216786405,1.3519119791645464,0.7531312510608573,0.586813546747301,1.3560949057968592
SYN025,SYN041,2336,0.20246933747175527,0.1667977926771591,1.7840081806627253,0.8433500483313029,0.6902019485782661,1.7610199814471839
SYN025,SYN043,1123,0.06572338988506843,0.10525324163003386,-1.3328413033831208,0.26333781465577416,0.42398949293214044,-1.3414078049364235
SYN025,SYN045,1123,0.11680599558858244,0.10632602959434687,0.3551507115721678,0.47538487754428144,0.4331103399870265,0.3468911399771065
SYN025,SYN050,1213,0.08080404136198871,0.0918540907518409,-0.3872668129053289,0.3353419678958286,0.38156728763067915,-0.386958778498364
SYN025,SYN053,2336,0.046695288897543444,0.07334358594863036,-1.2918744132414324,0.19063312367507276,0.300035045149608,-1.2939326461957184
SYN025,SYN056,2336,0.1176842087731014,0.11415379691492124,0.17284566656924644,0.49619022682863306,0.48134020133077365,0.16957624829594226
SYN025,SYN059,1123,0.09875667535896188,0.1344811370382286,-1.212190966132009,0.3961384275753228,0.5418763306905959,-1.21442653515931
SYN025,SYN062,2336,0.12329741825564171,0.11521604960652664,0.39597318483437877,0.4988881492893851,0.46605013357834807,0.39101326561828054
SYN025,SYN063,2336,0.0640945889391712,0.10045799464388898,-1.7685662270239233,0.27850065105357685,0.44005942166443834,-1.7941508805551527
SYN025,SYN064,1123,0.13579926451040286,0.15646588716370907,-0.706757448439575,0.5484431690558679,0.6352068816926522,-0.7169470954364237
SYN025,SYN065,1213,0.08483584970430974,0.10191001199381186,-0.5991645488364272,0.34566374537776917,0.41511960506829,-0.5923019263888559
SYN025,SYN067,2336,0.12126107615827057,0.10871538752017351,0.614099335117878,0.4967998501302326,0.4463797925252145,0.5928539268971427
SYN025,SYN068,1123,0.10317794836104124,0.11396719238910791,-0.3653880772154045,0.42458586047939495,0.47228233364976807,-0.38722498386985654
SYN025,SYN074,2336,0.09616191601238619,0.09851951170421926,-0.11496391961076745,0.38687919185447867,0.3967206347165158,-0.1179875882952396
SYN025,SYN076,1213,0.09499686898687387,0.11087228916349666,-0.55815350811112,0.38469891714516247,0.4498236666048425,-0.5587391943604033
SYN025,SYN077,2336,0.1463929856311849,0.15503238680836068,-0.42699470919329224,0.5975775288121711,0.6342465362133649,-0.432243713243981
SYN025,SYN078,1123,0.0020274082059165057,0.09228908179591098,-3.0295471330011314,0.008237562232238285,0.3780196617696262,-3.0353435859585782
SYN025,SYN079,1213,0.10748487843135801,0.1006547939164391,0.24018718984850973,0.43238932128900004,0.40553083978806426,0.23188547401259588
SYN025,SYN087,2336,0.09443579411901579,0.1115331108874749,-0.8346936659690375,0.3830787526276943,0.45369836758094767,-0.8396916866346366
SYN025,SYN088,1213,0.13509492763506276,0.1286208965845388,0.2291851074622767,0.5430975414248482,0.5177584461681279,0.21867031419945132
SYN025,SYN091,1213,0.09301907347782991,0.14065399989526448,-1.680255663788135,0.3741151983642718,0.5671068014398235,-1.6672687787331866
SYN025,SYN092,1123,0.1010890135289724,0.08605423949647467,0.5076141692339965,0.4051792155730975,0.345394816015174,0.49854104979572117
SYN025,SYN095,1213,0.17594757426747226,0.1517104155179375,0.866391882315844,0.7133153988267886,0.6143402708050448,0.8449699512998096
SYN026,SYN027,2253,0.10726658509581695,0.11225972496234878,-0.23973424847146,0.43147964151364315,0.45191838338349477,-0.24060099909992416
SYN026,SYN030,1159,0.13473824653261907,0.1359381924961292,-0.041559387889474775,0.5537346934582098,0.5595807305122092,-0.04821072024143954
SYN026,SYN031,1159,0.12850892418064488,0.1405438156925056,-0.41673348147491995,0.5264607112847411,0.5806256981349073,-0.4482247068083595
SYN026,SYN035,2253,0.15618728569163062,0.15067266017121944,0.2678887034422313,0.6326740806238474,0.6102780647525209,0.26119366219121837
SYN026,SYN040,1159,0.11791646737147728,0.10973975009648054,0.28165945506581014,0.4732186333386895,0.44195242765979226,0.26438652694265957
SYN026,SYN042,2253,0.10815575610457419,0.1060743428915921,0.09987607684050011,0.44110761271519877,0.4317463330756918,0.10866072965274011
SYN026,SYN043,1159,0.11548673821140487,0.11718635579893197,-0.05857984371350178,0.4651250806937543,0.4724304202592763,-0.0615529375859292
SYN026,SYN045,1159,0.1861153075434053,0.12974000260124063,1.9663783340693182,0.7632975384943209,0.5295153455952049,1.9261835327642074
SYN026,SYN046,1094,0.12417435654519798,0.13276866730870535,-0.2886384220554879,0.5075185226197411,0.5403818138860443,-0.26493352417385524
SYN026,SYN049,2253,0.15013564046325872,0.10737873074421456,2.0626695737483964,0.6423717197671519,0.4580757947508335,2.03154500253012
SYN026,SYN051,2253,0.1833318826866981,0.173123282345777,0.5001279452251026,0.7436279979320328,0.7014254295347122,0.49075163571857433
SYN026,SYN052,1094,0.15960930115624133,0.15619647098476136,0.11560941777887423,0.6503964970167171,0.635197059762782,0.12266766852185985
SYN026,SYN054,1094,0.1317345841801468,0.10295137086460639,0.9640626778570222,0.5319678509695499,0.4157572373344757,0.9480288094458814
SYN026,SYN059,1159,0.10307753912088859,0.11953130249167997,-0.5664590523249818,0.41323837539104935,0.480932066543079,-0.5733269952967616
SYN026,SYN061,2253,0.13740177345143145,0.14223507988611087,-0.2338356439733231,0.5548902371801222,0.5755027352364229,-0.2413614635216256
SYN026,SYN064,1159,0.2472699436078397,0.2387371880557467,0.30832271117733745,1.0196827081456141,0.9808706443439483,0.3164562720148939
SYN026,SYN068,1159,0.2015774062102321,0.137775085258826,2.2344571882823225,0.8485192363566829,0.5723192658322455,2.2113756864039473
SYN026,SYN070,1094,0.16330576672369163,0.11359435572415517,1.674450714161003,0.6665828843427252,0.4615790603050758,1.6512442431710566
SYN026,SYN078,1159,0.10551971884186633,0.11619694911669161,-0.3675464832664228,0.43070238380901066,0.476860295214189,-0.38377906565095193
SYN026,SYN080,1094,0.1650838081659829,0.13625636402919142,0.9743722539638691,0.6658327374844097,0.5485795668746838,0.9562251274389871
SYN026,SYN081,1094,0.1971602604300047,0.12221693953269054,2.541524283756972,0.8017059572859921,0.4945715142378087,2.478760172042226
SYN026,SYN083,2253,0.18141287561901923,0.18477990774835287,-0.1652525078092203,0.7429558525767832,0.7575114709963212,-0.16757728855901152
SYN026,SYN084,1094,0.11356767328401776,0.09982544343786597,0.4591443545428271,0.45638712579421303,0.4016072206376434,0.4494542708359397
SYN026,SYN085,2253,0.15292023143528136,0.16371041371654538,-0.5249870425572969,0.6164348929585851,0.661025573814712,-0.5227403279830191
SYN026,SYN086,1094,0.1305024747986836,0.1428331978710794,-0.41504526346273407,0.525741465597593,0.576491092104006,-0.4150801947490693
SYN026,SYN090,2253,0.15302718730039275,0.17732593257231255,-1.1849858591215072,0.6315297747828046,0.7327120391813668,-1.1577364213800554
SYN026,SYN092,1159,0.060095295595809,0.1418879025303636,-2.8112541821597095,0.24061800866010477,0.5719306782802376,-2.812784946738563
SYN026,SYN096,2253,0.14719597154604178,0.14314749199965957,0.19617080410317414,0.5939268603340137,0.5776970645257892,0.1901303117001708
SYN027,SYN030,1159,0.1340309937994563,0.16566836863151888,-1.1004822266972205,0.550557001021961,0.6834479624280683,-1.0965959550801665
SYN027,SYN031,1159,0.1030901879633461,0.1202317332135112,-0.5901862627356962,0.42220009000719955,0.4976668176892015,-0.6253265511014452
SYN027,SYN035,2253,0.11817466555635074,0.11934352164757964,-0.0562368685251708,0.47758146665465895,0.4824634967262354,-0.057175822569480644
SYN027,SYN040,1159,0.14786993452277197,0.13235386461644655,0.5381220980295309,0.5957780041999786,0.5345926947405879,0.514619896475801
SYN027,SYN042,2253,0.07338356317327809,0.10198839194233102,-1.3674564434458305,0.29901447642220125,0.41519199760290515,-1.3515241142064631
SYN027,SYN043,1159,0.14304984832199302,0.13996535116614164,0.1070159248504251,0.5787281778257083,0.5670894990426191,0.09749517838318082
SYN027,SYN045,1159,0.08876356160648666,0.13278469738776724,-1.5155730219379229,0.36083057484316794,0.5420800977328195,-1.5145718644137491
SYN027,SYN046,1094,0.19153164654695815,0.16338039957890907,0.9601512664623608,0.7882113232311319,0.6669404232365908,0.9669473957699608
SYN027,SYN049,2253,0.11306042638629452,0.10861540056861381,0.2134689316179708,0.4831846746523695,0.46589003823822467,0.19131174973715404
SYN027,SYN051,2253,0.1397536085717874,0.12260822092421439,0.8275394950791526,0.5648550155258769,0.4948544562064708,0.8189260179542396
SYN027,SYN052,1094,0.09859214927643595,0.09379233681020985,0.1600201704762653,0.4007171991230909,0.38026549726997916,0.16593770365862323
SYN027,SYN054,1094,0.1702479096073289,0.08956735577016867,2.7122469920016252,0.693518723208802,0.36234970473818195,2.6719789858513336
SYN027,SYN059,1159,0.11681598585545519,0.0926026643571172,0.8324221176555808,0.46938781408787167,0.3726772238242811,0.816770134236781
SYN027,SYN061,2253,0.11446809944460952,0.10825378489975343,0.2984732741639792,0.4624683977472147,0.43786418188568926,0.28825298108725295
SYN027,SYN064,1159,0.10944069847645009,0.1501967450869797,-1.4096711691291468,0.44361187981948097,0.6112286645884379,-1.4033011623284428
SYN027,SYN068,1159,0.12248572405629554,0.11567753918442739,0.23480893768467234,0.5099552378005976,0.47921912758365487,0.2503101715439816
SYN027,SYN070,1094,0.1606534691478551,0.14838445450236307,0.41516740093369253,0.6588044724797283,0.6074964024435296,0.41131997087546385
SYN027,SYN078,1159,0.09392919604000928,0.09940359536692821,-0.1878857420863987,0.38381305802479204,0.40880196674765995,-0.20760710636128618
SYN027,SYN080,1094,0.1689682126248615,0.10613289511807765,2.1162589110721415,0.6838421064256851,0.42707537390768724,2.0860877303439764
SYN027,SYN081,1094,0.1973381962655582,0.12109425669536053,2.585279093799806,0.8060094274764118,0.49150504190128125,2.5262342351462026
SYN027,SYN083,2253,0.12908353391030708,0.11923515656806681,0.4744678088995159,0.5269005117128334,0.48667283524056704,0.46606327131362474
SYN027,SYN084,1094,0.11235223585664202,0.10137534757843254,0.36676202102982514,0.45294747884504727,0.4089086363987342,0.3601568405628297
SYN027,SYN085,2253,0.16960651027420418,0.10492711963841055,3.128128340659857,0.6860781847323374,0.4221736400044029,3.0799840221289823
SYN027,SYN086,1094,0.12414290687200048,0.1525082731420705,-0.9552632793609779,0.5009321178233518,0.6168271823984374,-0.9466334783562859
SYN027,SYN090,2253,0.17322957851863122,0.14519222246625918,1.3646177520140699,0.7159903837570232,0.5972204807228148,1.355159358022681
SYN027,SYN092,1159,0.13980241419944442,0.09368166844173607,1.5900734816253619,0.563814161324091,0.3769645027584051,1.5705603793454261
SYN027,SYN096,2253,0.17998181933229196,0.14856280113254727,1.5318114249634773,0.7296494573768277,0.6005758985736709,1.5020779821705812
SYN028,SYN029,1177,0.07700056174624914,0.12812463914124259,-1.7707277973424504,0.3091993519331626,0.516762410312932,-1.770120502827916
SYN028,SYN032,1177,0.006097732453193505,0.08233653413520521,-2.6186207835362008,0.024485573606679478,0.3327346326692972,-2.62870325058588
SYN028,SYN039,1177,0.11816376043152461,0.1482737190894393,-1.050404972721917,0.4743809023486451,0.5980732474956019,-1.0536629552052146
SYN028,SYN044,1177,0.13598573458207802,0.09972632542652307,1.2600286129193885,0.5684557558918535,0.421012095420665,1.203779188020426
SYN028,SYN046,1097,0.13558004469989282,0.10668581133084086,0.9700006624332029,0.5503933278535454,0.4345393937339674,0.9410941327746617
SYN028,SYN047,2274,0.11703136105285258,0.12171418870395286,-0.2263866146650825,0.47987498655907557,0.5004511691473386,-0.23852325540135297
SYN028,SYN048,1177,0.14877821982794967,0.18084534968467939,-1.1295268487019363,0.5989941054126647,0.7322685070790909,-1.1304477986581762
SYN028,SYN052,1097,0.1024556610872679,0.0833566600567738,0.6372326247908602,0.4124936985830525,0.33652383826056975,0.623316361189143
SYN028,SYN054,1097,0.07549046870112912,0.08506053912298883,-0.31859205066751095,0.30432523303738906,0.3429073580910949,-0.3164244169899785
SYN028,SYN055,2274,0.09126278615226098,0.08413990286433214,0.342073635271461,0.36738809401619277,0.33875546589878086,0.33854847077678224
SYN028,SYN057,1177,0.047042981518597676,0.08992238731127933,-1.476360838783484,0.18811052083513702,0.3610169633978148,-1.4816438504122194
SYN028,SYN058,1177,0.14605642119692494,0.12041545884562342,0.8944851036467113,0.5947849642645436,0.4916470008017781,0.8647459309113253
SYN028,SYN060,2274,0.13841067222098874,0.12156740415835443,0.8164829774849016,0.5601226764215308,0.49132393975344,0.8075824441603644
SYN028,SYN066,2274,0.1626829103776226,0.17127782980104436,-0.42134190656653925,0.6880390713769678,0.7248569110945619,-0.4122952532278644
SYN028,SYN069,2274,0.10545335725916581,0.10697397963425077,-0.07329212321553995,0.4505192818706447,0.45646237760640707,-0.06611951261084069
SYN028,SYN070,1097,0.15815834757475947,0.11647019476887036,1.405585471333296,0.6431600368386098,0.47265585813407923,1.3812149068375448
SYN028,SYN071,2274,0.08170963825874607,0.08451182870122022,-0.13446732342510606,0.3289845593019118,0.3404516134795614,-0.13560189377986434
SYN028,SYN072,1177,0.1038144981218365,0.14818910792133008,-1.5452404887264788,0.41720848346341965,0.5993895296584815,-1.5509933374512537
SYN028,SYN073,1177,0.11480974039069197,0.11956562131418949,-0.16522333117744195,0.46077201584242833,0.48132716979275225,-0.17517527659270168
SYN028,SYN075,2274,0.12142322189421287,0.10381033620724071,0.8501473819288315,0.4938668771564803,0.4220084250742473,0.8398496908951872
SYN028,SYN080,1097,0.187877317988741,0.13171205455205798,1.9069504859761093,0.7608851962110718,0.5304504736181115,1.8713411075985067
SYN028,SYN081,1097,0.09973698522880288,0.09784504135605504,0.0631940853921929,0.40322555918653863,0.3948705154959523,0.06827096650371046
SYN028,SYN082,1177,0.1531135458858925,0.13609709995206193,0.5955143350094614,0.6167583082805304,0.5484163609684086,0.5792606270189338
SYN028,SYN084,1097,0.044556088494695674,0.09145492932950368,-1.5587103194389342,0.17876821310708302,0.36769534707583046,-1.5579055023495147
SYN028,SYN086,1097,0.15122842369408399,0.13630224721011344,0.504122899617346,0.6114376700943429,0.5508413371652557,0.49393685812629107
SYN028,SYN089,2274,0.0659771094883649,0.10883098920321306,-2.0582507505561196,0.26513474886108823,0.4391522944168778,-2.062416706583907
SYN028,SYN093,2274,0.21354613639529657,0.20009357367836442,0.6697417567547914,0.8790399701164502,0.8238497069784257,0.6335102601869577
SYN028,SYN094,1177,0.08344402864409167,0.09178731254248497,-0.28808484582646776,0.3341865640402641,0.3685717768250108,-0.2939592176263566
SYN029,SYN032,2314,0.0838136510892606,0.08176639808868606,0.09909657179679948,0.3392060557007253,0.3311282470528398,0.09583924415427086
SYN029,SYN034,1137,0.12959069324105063,0.10014913800813183,1.004776503461077,0.522800102940201,0.40379670274730506,0.9909475030546965
SYN029,SYN038,1137,0.3279879266116303,0.2982417583402865,1.1107125173571801,1.362372308856422,1.233328952975445,1.026447978374211
SYN029,SYN039,2314,0.23963378551361322,0.24681912613944482,-0.36714163247174814,0.9791349429673007,1.0104708573034216,-0.36504810031741947
SYN029,SYN044,2314,0.13086877291726162,0.09506804607640486,1.7434894153632734,0.5560010226294195,0.4024642711035784,1.7299302590932748
SYN029,SYN047,1177,0.1594414351356503,0.08411075240248103,2.621293748530766,0.6586652440688745,0.34544853857021807,2.584941302475978
SYN029,SYN048,2314,0.30501931992422693,0.3010384540811989,0.21072185431854298,1.2636637450023747,1.2471672347579446,0.18824576810779167
SYN029,SYN050,1137,0.08292662294268706,0.09318647051960782,-0.348202607706273,0.3428103533005276,0.38614275699622025,-0.35271205139325673
SYN029,SYN055,1177,0.07139844357215183,0.07981434977716617,-0.29001954347995973,0.28795493205082884,0.3216671416085087,-0.2863233372168067
SYN029,SYN057,2314,0.14325534290329234,0.11695485465101559,1.2861907605044451,0.5781554128299151,0.47123879747699254,1.2693048175674841
SYN029,SYN058,2314,0.10692362938335534,0.12082364410651981,-0.6770038012990442,0.43606412550860374,0.4935291852160407,-0.6761001807737143
SYN029,SYN060,1177,0.05377230938511696,0.07780711336876335,-0.8271415314966843,0.2171090536224427,0.314032310978317,-0.8221740923767943
SYN029,SYN065,1137,0.05005937588624218,0.10338825686023048,-1.8069205990236052,0.20259284142750728,0.420712555905452,-1.8154454316780877
SYN029,SYN066,1177,0.060653588182013246,0.10962341108745143,-1.6904878673882375,0.25607377740331067,0.46111391582213396,-1.6617272792327662
SYN029,SYN069,1177,0.06916200390689081,0.1158957217111335,-1.6154039521370283,0.29280688823145007,0.49452656576481263,-1.632126070502343
SYN029,SYN071,1177,0.04958017637784716,0.08463339864135005,-1.206612067530599,0.19928375523972652,0.34134485693991656,-1.211230868427078
SYN029,SYN072,2314,0.13586880003654422,0.12241556403150469,0.6577153234659583,0.5496642257209758,0.49491066060193356,0.6486316491816635
SYN029,SYN073,2314,0.10715982192173047,0.11972887006801221,-0.6121162918166716,0.4311860257464995,0.4826353811780554,-0.613611097182399
SYN029,SYN075,1177,0.11143037383887645,0.14258409495834407,-1.0850373178044352,0.45418318941130004,0.581592488859768,-1.0691543184676764
SYN029,SYN076,1137,0.08046074444036871,0.08131091932153281,-0.028818112915631855,0.32597112616777063,0.3307687960912177,-0.03983991381880233
SYN029,SYN079,1137,0.061250984953400804,0.08437550091671153,-0.7829025444825096,0.24642117011546616,0.34085625136806585,-0.7901400592201977
SYN029,SYN082,2314,0.13510267775789542,0.12563903757075526,0.4628142054772805,0.5449480642344454,0.5066811370061455,0.4547312319111523
SYN029,SYN088,1137,0.10530915426657446,0.12057764156813558,-0.5208193575718879,0.42345804569022766,0.48655931123449586,-0.5276470884709823
SYN029,SYN089,1177,0.08564704277437424,0.11829799811957802,-1.1306031278710564,0.34423121177251537,0.4787916099566456,-1.1461133820119205
SYN029,SYN091,1137,0.12383078892152057,0.09931236885656129,0.8361077991207394,0.4981819950747603,0.39964049505213445,0.8230240572207197
SYN029,SYN093,1177,0.11203584339730446,0.1105212241039705,0.052547133012540125,0.4560571691340549,0.4509304509293705,0.043060667473679745
SYN029,SYN094,2314,0.10326293460830395,0.08192141799969832,1.0348605892415583,0.41537450778393664,0.329311925918078,1.0268695777234513
SYN029,SYN095,1137,0.07971928071110164,0.12365676030252723,-1.495303722256471,0.32100542626080575,0.501779710848431,-1.510576679231822
SYN030,SYN031,2282,0.1510360281162012,0.14457061115754866,0.31554628453749445,0.6470241768932711,0.6195002635819589,0.3048856839377823
SYN030,SYN033,1123,0.13994606744155233,0.09629584808251307,1.4817384146364736,0.5975284990609807,0.40788408013896427,1.4785955013161391
SYN030,SYN035,1159,0.125980249516735,0.12222232629198357,0.1297681276721165,0.517325391321946,0.5028720405503765,0.11934431154518194
SYN030,SYN036,1123,0.1853575081649234,0.20781991990972615,-0.7819961508344154,0.7680656714840959,0.8646818088632773,-0.7750960884091475
SYN030,SYN037,1123,0.1451493491964254,0.16593351273000576,-0.7128453242429167,0.6054974527171016,0.6951291122301386,-0.7157897360689462
SYN030,SYN040,2282,0.08851016193634222,0.11185994025147962,-1.1260475301323085,0.3628304354417583,0.4595112754664027,-1.124521057149433
SYN030,SYN041,1123,0.14978661692560646,0.13541741817829048,0.4908766572171033,0.633711766896627,0.5773489458241206,0.4433931355914249
SYN030,SYN042,1159,0.17385630748436692,0.12432957333862435,1.7225839838462278,0.7220447018926848,0.5144367651483868,1.6900630692628984
SYN030,SYN043,2282,0.1330619958401419,0.12955758535117481,0.1702319781031815,0.5512230493263782,0.5370894156441793,0.16228302084005863
SYN030,SYN045,2282,0.2092063862528845,0.2161048521699737,-0.3449249542148877,0.8704500657260025,0.9004152058529228,-0.34082470814818355
SYN030,SYN049,1159,0.1173692263798381,0.11020210518208047,0.24687962739381816,0.51273894852657,0.48857033122154975,0.1871954340979445
SYN030,SYN051,1159,0.11251031463015916,0.14835774422534687,-1.240051650743249,0.4614993474076091,0.6110484084600365,-1.2371931795484987
SYN030,SYN053,1123,0.10478074385935994,0.09139754859962686,0.4522456654897009,0.4408155746814445,0.38560683444959054,0.43787533963382796
SYN030,SYN056,1123,0.13039688156450138,0.13167912195952738,-0.043661690771574085,0.5646986597409457,0.5786570110303627,-0.10729986809010772
SYN030,SYN059,2282,0.09443544449318858,0.11725130762120724,-1.1015945138940297,0.38784204956804424,0.4834047446362149,-1.1089673335506616
SYN030,SYN061,1159,0.12014055988286565,0.13231338609692506,-0.42058287262551247,0.4953446070680265,0.5498591696997441,-0.4483055349881934
SYN030,SYN062,1123,0.18466010100108848,0.22273563121603818,-1.3296086543019137,0.7872507895604685,0.9460440019125774,-1.236023431471085
SYN030,SYN063,1123,0.11911167259464046,0.11898099467915496,0.004436189342640313,0.5248207781759544,0.5239583947507769,0.0065312224226318745
SYN030,SYN064,2282,0.16217273218289618,0.17833158274033087,-0.7944525056074835,0.679398951890755,0.7489775219997731,-0.7882671959043033
SYN030,SYN067,1123,0.14277408543645156,0.128760931272153,0.47778516959825007,0.5943755425512548,0.5362603748808898,0.46552992399720966
SYN030,SYN068,2282,0.2787504482042111,0.26770792018240447,0.569695667523258,1.182249149390118,1.134044935848691,0.5334853350814895
SYN030,SYN074,1123,0.05429502094063763,0.12143684245805907,-2.2653624847790454,0.22320297338372808,0.5029824916984069,-2.2755475481824434
SYN030,SYN077,1123,0.08671329019070464,0.15808893233561663,-2.426127284057851,0.3570692775915762,0.6554877583745042,-2.4239162986787846
SYN030,SYN078,2282,0.12140831873679761,0.11952616958398395,0.0911748702250342,0.5141387117248487,0.5068489149250907,0.08187125158416282
SYN030,SYN083,1159,0.10319372650062171,0.13767465759657505,-1.1897328394988789,0.4364839070167238,0.5788731244975929,-1.1410489379343944
SYN030,SYN085,1159,0.15483821696025254,0.1313680540034502,0.8147101155577495,0.6376941341239549,0.5405539237961451,0.7984358015727809
SYN030,SYN087,1123,0.20248824228659143,0.2425195837008751,-1.4097251069192736,0.8393115365608221,1.0128174956797646,-1.390119335077031
SYN030,SYN090,1159,0.25194295508332226,0.23928403945635826,0.4580426981648101,1.0568880700129952,1.003612103886456,0.4262896489535841
SYN030,SYN092,2282,0.11437766605037272,0.1149686618770505,-0.028589424681730796,0.47081912827781897,0.4736817572437225,-0.03311540039727166
SYN030,SYN096,1159,0.15206482839119437,0.1305658390458963,0.7458921950402653,0.6256286929867678,0.5369177934697248,0.7301077499756166
SYN031,SYN033,1123,0.06650572354767478,0.1087755256209208,-1.4257883509019942,0.2783042878489897,0.4527639437894822,-1.396109445035486
SYN031,SYN035,1159,0.1281491035426884,0.12124210398437947,0.2385481773456848,0.5249580187581361,0.5043246163605806,0.17075757185624785
SYN031,SYN036,1123,0.14868031103558607,0.133379924297794,0.5224511885673974,0.6150116419346223,0.5498448078772781,0.5250361578075399
SYN031,SYN037,1123,0.18160132160278866,0.15838136484578527,0.8002535966563087,0.7530549668504697,0.6534338795829641,0.7990083605406154
SYN031,SYN040,2282,0.06995236516566763,0.10961724712241014,-1.9092059483777162,0.28763998161918947,0.45361222724400235,-1.9249665373339255
SYN031,SYN041,1123,0.2224287065650849,0.23406204621183013,-0.41072897791116464,0.9295268122827117,0.9807576604761664,-0.40625517565223374
SYN031,SYN042,1159,0.14033245853444087,0.09636144324297696,1.5165130682395283,0.5912081870131811,0.4042312297409054,1.50182919284289
SYN031,SYN043,2282,0.11637752783039786,0.12127442437918472,-0.23712087860632336,0.4776736812516858,0.4985487404889593,-0.24221303655803195
SYN031,SYN045,2282,0.1407429554480062,0.13927341977178967,0.07155666569362987,0.5951082590208864,0.5895421785486937,0.06254076930088175
SYN031,SYN049,1159,0.20260412303821357,0.21216018674324047,-0.33951067109796984,0.858507424189642,0.9115479513427965,-0.42180954531734305
SYN031,SYN051,1159,0.1447531972098054,0.14825113145653993,-0.12153846518418815,0.5965203038174679,0.6168712213236838,-0.16723241485466142
SYN031,SYN053,1123,0.18397823697054005,0.1865462452214147,-0.08899659993706172,0.7673558666973113,0.7774889666714822,-0.08077629710510202
SYN031,SYN056,1123,0.1900924660061732,0.16840508557810133,0.7499271206036117,0.8032523113377326,0.7146946512089591,0.6960824889424844
SYN031,SYN059,2282,0.15001724884296413,0.1433419236352592,0.3256808087473953,0.6177123482583506,0.5904385801020959,0.31485835845084614
SYN031,SYN061,1159,0.11931659528117365,0.14869507229986464,-1.0172134127534513,0.4871670889622984,0.6127213625237102,-1.0431999322824643
SYN031,SYN062,1123,0.12086393092577077,0.17252797844249104,-1.7674730553493105,0.5017008958619138,0.7128498424411978,-1.698557180185511
SYN031,SYN063,1123,0.11282465262777473,0.09221603563732755,0.6970482314852569,0.5218859251540826,0.4213799411491732,0.7223629397380009
SYN031,SYN064,2282,0.17499245649233294,0.19042974795828704,-0.7624285474592476,0.7224467832027573,0.7881510096670464,-0.7553387129849383
SYN031,SYN067,1123,0.08512960338583998,0.09979596034566181,-0.4950719156333018,0.36165167614414095,0.42346858502609636,-0.48568210272265655
SYN031,SYN068,2282,0.1900932158046867,0.14140456146721947,2.390541837901094,0.8349337112439019,0.6126280065277839,2.390620465594586
SYN031,SYN074,1123,0.2786856797080168,0.2809158712263266,-0.0809760176065519,1.1719002236511535,1.1796758513781946,-0.06091074905143953
SYN031,SYN077,1123,0.154334250591406,0.15744267377608967,-0.10661879743653946,0.6537340672841555,0.669069189750292,-0.12045438638275692
SYN031,SYN078,2282,0.3801626881960213,0.381481343626429,-0.07362925479955269,1.6325805431323759,1.6409359869481281,-0.090089229381566
SYN031,SYN083,1159,0.14190384083533478,0.16681968737670075,-0.8678672196230113,0.5878980165634103,0.6905094458882419,-0.8392166142606413
SYN031,SYN085,1159,0.14780915085741028,0.1295686949323999,0.632357566053309,0.6068880824896152,0.5345181858545756,0.5968985549385449
SYN031,SYN087,1123,0.15223578193681847,0.16381777851426169,-0.3975401998460877,0.6452450262797914,0.6953406043757288,-0.39328916679930936
SYN031,SYN090,1159,0.16982983650508188,0.15192170899789342,0.625072321896051,0.7244243888207899,0.6512642978002594,0.5788914068957497
SYN031,SYN092,2282,0.17839589917410414,0.185769017017256,-0.3640561371968756,0.736918078053948,0.7692396428743491,-0.3712357408980655
SYN031,SYN096,1159,0.13813507852538726,0.14310927264940088,-0.1725347904946673,0.5684718372913978,0.5940831661874098,-0.2108320228977756
SYN032,SYN034,1137,0.08907631691622123,0.09720595205459942,-0.27616213992571176,0.36078946682481644,0.3944392935543195,-0.27942275479167333
SYN032,SYN038,1137,0.11200232275682973,0.11433943278764117,-0.07972308848641387,0.45232273088443614,0.4626757864926566,-0.08616950696520657
SYN032,SYN039,2314,0.08833655311046162,0.09462510897526859,-0.30486121788839493,0.3564865021470636,0.38234743138272687,-0.30769364908245495
SYN032,SYN044,2314,0.19682113008255347,0.20574026136207832,-0.4468763357811278,0.8314128239126662,0.8717137335158246,-0.454691342202924
SYN032,SYN047,1177,0.1936984738880977,0.16178745930536817,1.1291706291068146,0.7961587941473154,0.6656827457047271,1.0804038863314445
SYN032,SYN048,2314,0.10039114859164336,0.11541162538224993,-0.7305978200896307,0.40506155640889585,0.4665930642947174,-0.7319708471436673
SYN032,SYN050,1137,0.08476935065517442,0.08752307645784797,-0.09342486906475822,0.3543145885564621,0.367007578671478,-0.10206617378941224
SYN032,SYN055,1177,0.13618962293871784,0.11936001597670072,0.58623011029479,0.5558158033721975,0.48584221563849256,0.5855428323385101
SYN032,SYN057,2314,0.10311824813037176,0.10403958185003259,-0.044771486477433564,0.4161605336776873,0.42027544128359934,-0.04893423795775761
SYN032,SYN058,2314,0.135772251487755,0.1150401185065278,1.0126166744898573,0.5618248464100555,0.47516405530681677,1.0029745881092815
SYN032,SYN060,1177,0.07245862794955374,0.09203863842301108,-0.6754749266753736,0.29294462355667167,0.37218722421364636,-0.6713914843243293
SYN032,SYN065,1137,0.1409204249950443,0.09710485073171157,1.4969417876884368,0.5795269675498198,0.39881674136132866,1.474149987786984
SYN032,SYN066,1177,0.1332129942854813,0.12967438398537895,0.12337761047110772,0.5612657375623261,0.5417594045305919,0.15807923638530424
SYN032,SYN069,1177,0.1376758346013745,0.10885217624297373,1.0029167623455275,0.5968217233422943,0.47290841825659335,0.9740005187748583
SYN032,SYN071,1177,0.12537073939213922,0.0807423086151965,1.5458196521952356,0.5088544005836723,0.3277126255465542,1.525218748124592
SYN032,SYN072,2314,0.15864881612013693,0.1305379127376352,1.3803291024376438,0.6434705994200285,0.5286007126734662,1.3557433196757258
SYN032,SYN073,2314,0.0964335647922529,0.1090844967761548,-0.6146655581951297,0.38962039578665714,0.441877689440134,-0.6208509371158871
SYN032,SYN075,1177,0.05034499209733714,0.08356358307269163,-1.143424160796097,0.20586242087940476,0.34256081482550954,-1.1445254182001492
SYN032,SYN076,1137,0.08624811288911886,0.09042164320007137,-0.14164878941012538,0.34976046158111973,0.3677171321827722,-0.14901065896202448
SYN032,SYN079,1137,0.15811513966505927,0.14826287221311002,0.3397501695869582,0.6414083911387108,0.6019976097265475,0.3258691267921472
SYN032,SYN082,2314,0.13446811383772922,0.12194675366349335,0.6120057707390181,0.543995847418209,0.4932510773844438,0.6012030833489389
SYN032,SYN088,1137,0.1459794554151864,0.12429270233939588,0.743916143388914,0.5906126368129396,0.5027887164277562,0.7285825431383183
SYN032,SYN089,1177,0.06536205079949597,0.11954113831099118,-1.8728569966927777,0.26296638572164893,0.4840297933857553,-1.8821665013918008
SYN032,SYN091,1137,0.06920286177570856,0.10507338212545546,-1.2173144425426894,0.2784658654473562,0.42514562948773005,-1.227046993355302
SYN032,SYN093,1177,0.11749375627973417,0.11931494328855699,-0.06328786346695721,0.47707741546996985,0.48596244354827417,-0.07482954695856889
SYN032,SYN094,2314,0.10905939398284584,0.09491225151308211,0.6872537637555461,0.44028884918056244,0.383138765822897,0.6792440773571149
SYN032,SYN095,1137,0.05093177146971458,0.12353141653616696,-2.4646576062932444,0.20537639930017554,0.5009210196997479,-2.468781294674842
SYN033,SYN034,1213,0.12162672614628758,0.1369754754291506,-0.5429967015062027,0.4994073921002674,0.5632962522405108,-0.5399495516271571
SYN033,SYN036,2336,0.11534009996996138,0.10658829028760015,0.42799516846253954,0.4741730164439662,0.4377867798782202,0.4264392375435241
SYN033,SYN037,2336,0.10490457810817179,0.12083384157006799,-0.7793473575790755,0.4312474982777106,0.49676765978046844,-0.768404091030507
SYN033,SYN038,1213,0.1190632551690094,0.10275180791803652,0.5744742591553564,0.48870023800905865,0.4214752228733709,0.5683552750821547
SYN033,SYN040,1123,0.03491645791909192,0.07260547740250836,-1.2651238616216616,0.14429841366924762,0.29893958789639047,-1.2503602144940462
SYN033,SYN041,2336,0.1496165600030488,0.1577569881884816,-0.402706158169223,0.6233741144325979,0.6564605466500146,-0.38186734694544433
SYN033,SYN043,1123,0.08091515280320138,0.10009948887010206,-0.6473540449689613,0.33147836644684003,0.4106083804694561,-0.6460055384546513
SYN033,SYN045,1123,0.16284327612338154,0.09719274318053936,2.2357400805104617,0.691801055971979,0.40772212701852456,2.2231824682242523
SYN033,SYN050,1213,0.11385725130945526,0.138177835347118,-0.8596901900071725,0.4784621011276226,0.5799469606606251,-0.8384150958090526
SYN033,SYN053,2336,0.10628340025762101,0.0903923939388115,0.7750657993082593,0.4416091347101306,0.37518213204230955,0.7706971440787923
SYN033,SYN056,2336,0.18372531841976403,0.17172370250741642,0.5986074535958434,0.7803040647008894,0.7284657847603344,0.5850225650057579
SYN033,SYN059,1123,0.13914665798626127,0.0939683211578932,1.5330591098458584,0.572101936684813,0.3851607031229374,1.516513067303183
SYN033,SYN062,2336,0.18770288969117488,0.1511159779323063,1.8196393409801501,0.7765221208745955,0.6226810137084113,1.7839572375548496
SYN033,SYN063,2336,0.07439210645536586,0.08670752700961486,-0.5987413993582739,0.3357786509410439,0.3949589162347364,-0.6314200191474075
SYN033,SYN064,1123,0.1632333713488972,0.17341067975285396,-0.35053266132662936,0.6728094486537799,0.7157982571425048,-0.3473859467437911
SYN033,SYN065,1213,0.15145673717469385,0.15330514669779757,-0.06582551125975282,0.627876382462361,0.6344853948787311,-0.05522907904493078
SYN033,SYN067,2336,0.10685836097199274,0.09383466625211617,0.6354674229773908,0.45233182642735176,0.39724694664976545,0.6266714855538635
SYN033,SYN068,1123,0.09128794634402035,0.0969015522628443,-0.18954590832732338,0.3878468927285185,0.41485979233827225,-0.21217953605657355
SYN033,SYN074,2336,0.08355721783535423,0.11986128110559426,-1.7720619588232687,0.34277914591752573,0.4922508301212643,-1.7580349992858733
SYN033,SYN076,1213,0.10422913196719104,0.07326355133092746,1.085780436344944,0.43533541647676716,0.3046105219031922,1.0858271364773981
SYN033,SYN077,2336,0.11704078812143472,0.12895333818029392,-0.5842355437637765,0.49256752012825505,0.5440052863403306,-0.5883905552862493
SYN033,SYN078,1123,0.07981318173446846,0.0899319842245431,-0.34109996155440975,0.3319506928603927,0.3732260875253267,-0.3320913515985096
SYN033,SYN079,1213,0.07213057877367206,0.08032538513545756,-0.28672449759793256,0.2969906071411153,0.331460964930283,-0.29087766827599437
SYN033,SYN087,2336,0.13206150225744376,0.10210367948583743,1.4672260175334964,0.5558009131409641,0.4276907161407046,1.4642158975628885
SYN033,SYN088,1213,0.1282582932268414,0.12780100107950224,0.016172017549355367,0.5283667883690554,0.5272031132295073,0.00979576135616453
SYN033,SYN091,1213,0.08717178231648341,0.11129122562303385,-0.8473829483050943,0.3574513768764012,0.4566878940390703,-0.8411112766757348
SYN033,SYN092,1123,0.03291407474673491,0.08552317503094548,-1.7672481372168785,0.13456620713474124,0.35038563438147463,-1.7672137616702277
SYN033,SYN095,1213,0.1474714298437363,0.14166727628095113,0.20620823855977696,0.6147600315440291,0.5901675200175537,0.20425445852790602
SYN034,SYN036,1213,0.22944158326971936,0.22941182590778883,0.0010926234468249564,0.9362846788222928,0.9378147764304742,-0.012927178289408859
SYN034,SYN037,1213,0.1473371003642653,0.13882342257934394,0.30234021985820625,0.5958728207439338,0.5623584514239224,0.2872963208904476
SYN034,SYN038,2350,0.13702024507609814,0.1400452496586798,-0.14941652993182863,0.552850938832432,0.5655773109919368,-0.15234401020266877
SYN034,SYN039,1137,0.10910486179490354,0.11589874715430327,-0.23171722424073854,0.43904488375171014,0.4671051690397524,-0.23444788992519114
SYN034,SYN041,1213,0.1491272184787678,0.14677080046089233,0.0838025165568241,0.6180808992782962,0.603401793121369,0.12268827668181219
SYN034,SYN044,1137,0.08939538313215775,0.11866664308215356,-0.9965668045147669,0.3818956806717039,0.5047257534846207,-0.9658777125316163
SYN034,SYN048,1137,0.2042254752190815,0.14135849283238935,2.183026971282891,0.830342259595936,0.571213596549963,2.131451419842668
SYN034,SYN050,2350,0.14164521076888667,0.1167059834640333,1.2287737107224914,0.5887807572062199,0.48425932295022245,1.2133036934104349
SYN034,SYN053,1213,0.12489240559793258,0.11895820068464535,0.2095372261383842,0.5124447318662776,0.4874493476237842,0.21136783362521247
SYN034,SYN056,1213,0.19812009228298202,0.1450390616908091,1.9029496698016803,0.8457240387068083,0.6100505416408413,1.902781569805815
SYN034,SYN057,1137,0.1446917124073909,0.09358320647692672,1.746262748341026,0.5840069856677451,0.37664583176871586,1.7245438947990652
SYN034,SYN058,1137,0.2853695497981739,0.27392906614105983,0.41794857729731083,1.1928946173037447,1.1409163821036556,0.4121574443389213
SYN034,SYN062,1213,0.16582724233164595,0.16234174396099993,0.1245980327117038,0.6705232110837127,0.6593674261724104,0.0955554836553081
SYN034,SYN063,1213,0.11007187166734964,0.10345580523907578,0.23279463165070854,0.4820023689672867,0.4590574360957672,0.18155274121184628
SYN034,SYN065,2350,0.16741375424212668,0.12948261832672783,1.8792647315150959,0.6846619566112545,0.527917702728144,1.847507094587298
SYN034,SYN067,1213,0.16729210632782565,0.111959610558103,1.9635652894471327,0.6921114910304536,0.46349820237945205,1.911577753642511
SYN034,SYN072,1137,0.16948940865299708,0.16651886173813787,0.1029384825079059,0.6887168447829088,0.6770513962374423,0.09621120878141733
SYN034,SYN073,1137,0.16188391274190655,0.15817296260474753,0.1282504780139263,0.6547645146512447,0.6401218899303558,0.12141337390644953
SYN034,SYN074,1213,0.11040208617845554,0.12684217529948347,-0.5800451395564896,0.44431323076818013,0.5123894780660531,-0.5874429490658134
SYN034,SYN076,2350,0.12336178275956639,0.10877542100422319,0.71631213035828,0.5038617653643569,0.4439793017590689,0.7082928667264107
SYN034,SYN077,1213,0.2865216344540622,0.2813370049674094,0.19616197781432948,1.2194146893758169,1.1926474555054831,0.21481544546622075
SYN034,SYN079,2350,0.12512624655124344,0.10753650064054826,0.8638642839954903,0.5071657191309611,0.43555277044725077,0.8536695949490563
SYN034,SYN082,1137,0.41139025578715305,0.43383650979418004,-0.9203188363568799,1.7570081258183676,1.870271743090053,-0.8643245915030077
SYN034,SYN087,1213,0.1234671710467304,0.15358744446376468,-1.0683233686452502,0.5051408124392889,0.6323990091568823,-1.078996204078771
SYN034,SYN088,2350,0.2144438952546268,0.2170260598013392,-0.1312015612827573,0.8752711101141483,0.8870233120535681,-0.13837617148976356
SYN034,SYN091,2350,0.15306697865911567,0.13526549196933388,0.8807385013003834,0.6186032578858891,0.5460894263619127,0.8659250971460442
SYN034,SYN094,1137,0.1141412937211652,0.11566194766022903,-0.05189301637734909,0.4595724263703975,0.46631158772215947,-0.056260944371912334
SYN034,SYN095,2350,0.3007481171910384,0.29166867118020046,0.48217147228298646,1.2585294372485545,1.2196570588600992,0.44215165164778136
SYN035,SYN040,1159,0.22394412096844835,0.181882645113886,1.4917698304113087,0.9099701663009244,0.7398649132290516,1.4117184234817595
SYN035,SYN042,2253,0.09298484159619945,0.10221408727161017,-0.4419951125539313,0.37987803222490235,0.41683150493450805,-0.42849761120271135
SYN035,SYN043,1159,0.1299321865836231,0.10573727297520803,0.8342536861634358,0.5239782154315756,0.42846803914581566,0.8032126618499239
SYN035,SYN045,1159,0.1567172164455495,0.11779552376778411,1.3489339309873725,0.6404379249367811,0.48109814605464224,1.3201194445998008
SYN035,SYN046,1094,0.12109738218641294,0.14158538918597158,-0.6886298251155111,0.5002296782010077,0.5776351778958352,-0.617608810826443
SYN035,SYN049,2253,0.1030924591836502,0.09348563502623126,0.46014065605244237,0.4422570493052499,0.4021478102091675,0.44216711509000917
SYN035,SYN051,2253,0.11439823409627024,0.12150834985038662,-0.34202247692719173,0.46259044160448726,0.4915038772966616,-0.33847277498680894
SYN035,SYN052,1094,0.12144532105935629,0.13326013336182616,-0.39668531201681534,0.5036472930484301,0.5445956286888546,-0.3251089066201156
SYN035,SYN054,1094,0.10634724763374165,0.09470792308841627,0.3883797045518444,0.43699951437514784,0.38467040816152215,0.4197171471687836
SYN035,SYN059,1159,0.13906655532000486,0.10330300537432303,1.2342256368406421,0.5591686049405161,0.41737415014939977,1.1956037965505582
SYN035,SYN061,2253,0.12464242572547718,0.11308545494862741,0.5560581448487627,0.5059408772016674,0.4592563219818273,0.5440872197912873
SYN035,SYN064,1159,0.240221400727437,0.21153202098189786,1.0279720201423796,0.9892558171411197,0.8728075575126035,0.95142423791794
SYN035,SYN068,1159,0.14182245588711154,0.1292947074324823,0.43392337968073025,0.5920450080310515,0.5364971200218338,0.45058429789942184
SYN035,SYN070,1094,0.12745722703287043,0.13653069600883302,-0.305015651201608,0.5298414601207819,0.5605562287682321,-0.2431877738356977
SYN035,SYN078,1159,0.0875946424185707,0.10023893629227013,-0.4337377003445593,0.356992339955875,0.41404527175401634,-0.4754017301280492
SYN035,SYN080,1094,0.07806410643934683,0.11233279478845146,-1.142373619911387,0.31796390402037433,0.4535458035312291,-1.0986541009505568
SYN035,SYN081,1094,0.08109420452312165,0.1431429480491061,-2.0762883614734418,0.33188703752349846,0.5847806156725517,-2.038535950678072
SYN035,SYN083,2253,0.13634259492579728,0.1183054278319653,0.8697021855756468,0.559512430015516,0.48483397280378443,0.8601361351137118
SYN035,SYN084,1094,0.0720547718411483,0.08775489139587925,-0.5219228485872052,0.2939183018253775,0.3547642048156037,-0.4922990857872608
SYN035,SYN085,2253,0.09261581542599805,0.10295566904211738,-0.49520205131412576,0.37322825019324357,0.4153268125525485,-0.49490707316052357
SYN035,SYN086,1094,0.10506754549396162,0.1311938043991639,-0.8752241177959805,0.42888646440357203,0.5308461647501276,-0.8238040959273507
SYN035,SYN090,2253,0.16639763632077428,0.17195980344830397,-0.2716114460343741,0.6876574503865927,0.7095389727088018,-0.24982443664470474
SYN035,SYN092,1159,0.12379555255325597,0.11363991199059527,0.3502310832803218,0.49772403073152166,0.45940906263760367,0.3233041467719079
SYN035,SYN096,2253,0.1046827601550017,0.13047831678267882,-1.2408178878153506,0.42262164687274356,0.5278726563238144,-1.234579238218488
SYN036,SYN037,2336,0.11675273226644427,0.12496737130680914,-0.4026605420514406,0.47122102076188854,0.5051519509770274,-0.40518196119662897
SYN036,SYN038,1213,0.13260686940293226,0.1313581971286302,0.04420516595323308,0.5329957663423555,0.5286458908810391,0.03754917480019164
SYN036,SYN040,1123,0.05751561294900329,0.0997586646158463,-1.4227376977934647,0.2323530822167877,0.40148416338808773,-1.4007407063226165
SYN036,SYN041,2336,0.09256743652870723,0.12650846871684845,-1.6594688063973657,0.3795235571879234,0.5199683008538653,-1.6520477910746483
SYN036,SYN043,1123,0.0675995254291667,0.11852162115466092,-1.7194548341742866,0.2707919045421784,0.47760541314850247,-1.7272811467934235
SYN036,SYN045,1123,0.13155791627702804,0.12472588915368504,0.2324614216267775,0.5369200005027636,0.5090813848484282,0.22761037193745434
SYN036,SYN050,1213,0.10835718084691612,0.10167433137051654,0.23505647089655876,0.4503387874057866,0.4221301387522138,0.23555663454449077
SYN036,SYN053,2336,0.10404554140805311,0.09676170173532705,0.3554021546769233,0.4258753172649836,0.396081041547837,0.35090804143644777
SYN036,SYN056,2336,0.13952470621741062,0.1263581281979838,0.6474127347184745,0.588502683429586,0.5325502041143237,0.6378977417154303
SYN036,SYN059,1123,0.1023049898813837,0.10609543689378027,-0.1282452264107101,0.41031218941348285,0.42626306819492965,-0.1329255259185622
SYN036,SYN062,2336,0.20592085188661235,0.21181055681755995,-0.2974569981261005,0.8404710951623261,0.865865886784551,-0.29829956658387924
SYN036,SYN063,2336,0.08269420095823522,0.10263732332111367,-0.9716523645262831,0.3602621275580932,0.45041736901096113,-0.9976265197080487
SYN036,SYN064,1123,0.1936612312575417,0.22581326086839354,-1.1256443180664113,0.786466648497632,0.9246166412621519,-1.1314902472247705
SYN036,SYN065,1213,0.14266967013003304,0.1128053442652415,1.0561489523185479,0.5839140608921017,0.4594152224244484,1.0543503079404348
SYN036,SYN067,2336,0.08718387015793307,0.11107385149825974,-1.1654229990190417,0.3565353684167769,0.45645343160145596,-1.1786015747405905
SYN036,SYN068,1123,0.12396834475479288,0.1292174109871356,-0.17852885230330376,0.5120180958400592,0.5367867472719431,-0.20011610182748288
SYN036,SYN074,2336,0.13447066425268564,0.11395708812501033,1.0063943365850836,0.5422792814987959,0.45910266285340773,0.9933493336397985
SYN036,SYN076,1213,0.07708829833452242,0.10013202508110346,-0.8079580649790262,0.3118815323910705,0.40605618123768844,-0.8091615581413927
SYN036,SYN077,2336,0.1955149386937769,0.1998045140836498,-0.21561573047042912,0.8041076066978378,0.8230293271027387,-0.22063577275788615
SYN036,SYN078,1123,0.08751721048906605,0.11027408214622234,-0.7691476322470255,0.357793478064584,0.45182963664898745,-0.7689613223548084
SYN036,SYN079,1213,0.07837462912545673,0.11899749241600484,-1.4271716490057773,0.3147015999146455,0.48010645012653747,-1.4320009783696144
SYN036,SYN087,2336,0.21620025010452157,0.2171095288906769,-0.04608227625607913,0.8900854258743277,0.8950744962003544,-0.05802544189880739
SYN036,SYN088,1213,0.21810670972755322,0.1776901677092006,1.463437080805822,0.8854321726018445,0.7188412905463847,1.4164154663168174
SYN036,SYN091,1213,0.14964735495315964,0.12138278001225439,1.0016511066054972,0.604460489340787,0.48827720628547777,0.9970531238217036
SYN036,SYN092,1123,0.1437324750212778,0.12101283971033916,0.7739415007704142,0.5780040284527531,0.4866767130311182,0.7577346687314744
SYN036,SYN095,1213,0.26499705434568677,0.20736081865843203,2.1240895834080997,1.0897620429284707,0.8458823658809853,2.037645374117389
SYN037,SYN038,1213,0.2509645999903437,0.24974984953421883,0.04508077364720632,1.0280528886579772,1.0255722326180539,0.02083801009089204
SYN037,SYN040,1123,0.08940080639034659,0.11350582869832158,-0.8151395058169596,0.3649207056530676,0.4604219109144811,-0.7818396390402499
SYN037,SYN041,2336,0.13395604054810614,0.1487562381023401,-0.7294564734029796,0.5510774745749154,0.6120566535615787,-0.7136176358386763
SYN037,SYN043,1123,0.13495237460736836,0.12915493678396628,0.1974633710926941,0.5457261066531537,0.5225737428493724,0.19108696182493431
SYN037,SYN045,1123,0.1584544174147907,0.17631392894121678,-0.6149408885165693,0.6564764998390209,0.7326456268946645,-0.6121646749401121
SYN037,SYN050,1213,0.2047023030682309,0.19315689610852096,0.41816089314111926,0.8566269478897159,0.8070247311627532,0.4087897777471169
SYN037,SYN053,2336,0.09286890422107698,0.12164344261511167,-1.4061203615778894,0.3804433619669842,0.4989779392377484,-1.3957293458870654
SYN037,SYN056,2336,0.2443997268046589,0.24005020256157442,0.22318216570587096,1.0402208188546282,1.0212384806042283,0.2124848959096597
SYN037,SYN059,1123,0.09967467860857912,0.12778172561698703,-0.9530343882795408,0.40190102516578796,0.5164284863164207,-0.9493952581766167
SYN037,SYN062,2336,0.17610736834043564,0.21109388977656046,-1.7559094600945373,0.7169692723881947,0.8632664236678548,-1.7264187034170626
SYN037,SYN063,2336,0.10477077604876235,0.11673481598639901,-0.5850605368538032,0.4640158591942322,0.5215602363827626,-0.6252283239641054
SYN037,SYN064,1123,0.2049471205488671,0.21664350109625896,-0.4096436801286482,0.8361132587560596,0.8863117295883458,-0.4088851298885791
SYN037,SYN065,1213,0.22060259368448315,0.21430315664751518,0.2300030375598181,0.9095722208317256,0.881983780804861,0.23068889230768483
SYN037,SYN067,2336,0.12167958362931558,0.12633012237647312,-0.22813482963792817,0.5041562989572926,0.5256120665522668,-0.24934919970418024
SYN037,SYN068,1123,0.21425524927706335,0.20638894307097963,0.2754429671225988,0.9128416457981221,0.882193442283375,0.23811254663328432
SYN037,SYN074,2336,0.1909712701631909,0.17108890196409043,0.9929179681393567,0.7771260319353007,0.6949931728695691,0.9687971504907427
SYN037,SYN076,1213,0.0950095992520472,0.10970468717288079,-0.5165914415507685,0.3874478522521838,0.4489639071165995,-0.5238880131138451
SYN037,SYN077,2336,0.14676047646934717,0.15419275406189598,-0.36730631298760363,0.606026468704051,0.6382667704921454,-0.3754933632457564
SYN037,SYN078,1123,0.1413766535863601,0.13094444107225978,0.3557271506871639,0.5810950587982195,0.5373586596911575,0.3549265190801513
SYN037,SYN079,1213,0.13170837805954838,0.10936146473398979,0.7888340651951135,0.534301800941649,0.4440363154147771,0.7717941614632494
SYN037,SYN087,2336,0.1342469274952323,0.14489037471194902,-0.5243091962210316,0.5519454405782027,0.5976023861485441,-0.534504467725437
SYN037,SYN088,1213,0.21767156291485615,0.1934000424326591,0.881579365111654,0.8887981052431108,0.7894331027384753,0.839639363602656
SYN037,SYN091,1213,0.15399060954232888,0.1313197498669859,0.8050271354421717,0.6233982517268164,0.530889937925968,0.7919377377306174
SYN037,SYN092,1123,0.06013767506331646,0.11033924835723379,-1.6927306581961432,0.24192164989548431,0.44531578790189297,-1.6918104925996367
SYN037,SYN095,1213,0.16143295791223908,0.1640942040241828,-0.09509079642825399,0.6585640614634337,0.6714397498507926,-0.10928934054071969
SYN038,SYN039,1137,0.3451316718774038,0.3451437209367603,-0.00046062015381687386,1.43744115052227,1.4400946749116739,-0.021008168524963663
SYN038,SYN041,1213,0.14391381518849636,0.15487465064154532,-0.3899813694668093,0.596662535666433,0.6376217201067933,-0.3422905599918061
SYN038,SYN044,1137,0.11182701265149941,0.13294001837791242,-0.721818346020929,0.47560907409098746,0.5624288596521962,-0.6853396118367485
SYN038,SYN048,1137,0.42366562028209787,0.42096223988709086,0.11079672663618798,1.8055128987925328,1.7965886699998486,0.06820539471917322
SYN038,SYN050,2350,0.12270857361281255,0.13030888521147352,-0.37419422005688874,0.5096253327030081,0.5417008745378438,-0.3730279536177457
SYN038,SYN053,1213,0.08480730136856582,0.10568893837050565,-0.7330468399240608,0.3469549610283464,0.43252907055200157,-0.7269113118301284
SYN038,SYN056,1213,0.11386868565090236,0.16194438262775182,-1.7050975842573437,0.48242015894242923,0.6841489807416475,-1.651658003767385
SYN038,SYN057,1137,0.14574594987040662,0.16354580922170428,-0.6141133146737958,0.5862760251553985,0.6603136196632834,-0.6178594838679683
SYN038,SYN058,1137,0.1982027901724136,0.1689557967258308,1.019325518047342,0.81823837503799,0.6934499520457703,1.0104439586428189
SYN038,SYN062,1213,0.16927436154183195,0.16854829490053544,0.025998019235072514,0.6835211903932424,0.684355840978619,-0.007157988018346753
SYN038,SYN063,1213,0.14648612118434787,0.12169088249843298,0.8783444142442363,0.6413909661234485,0.5371013072032254,0.823345611662889
SYN038,SYN065,2350,0.12948970248571337,0.14457472657019788,-0.7448078331543797,0.5274974969263959,0.5899950448060505,-0.7410903099709901
SYN038,SYN067,1213,0.16295614140808232,0.1316935650107956,1.1116979766111506,0.6700495775266205,0.5432462765845807,1.0674490483790948
SYN038,SYN072,1137,0.21400539082346703,0.1711818850154073,1.4979028905022187,0.8705033254566586,0.6934413866198732,1.4547419292103116
SYN038,SYN073,1137,0.11346249792531657,0.16742490083803743,-1.854239521649866,0.4557060719934143,0.6767936947171476,-1.850498574119094
SYN038,SYN074,1213,0.16676082209937138,0.1464798971982272,0.7232414244063617,0.6732938377145711,0.5916588331322711,0.7002840594740232
SYN038,SYN076,2350,0.12068916538198021,0.11370250631050123,0.3431897481046059,0.4903720704068107,0.462098015927362,0.33627801304152094
SYN038,SYN077,1213,0.16121572758344546,0.15857785106176048,0.09416628613650439,0.6634508134148038,0.6507279731409052,0.10702021114423756
SYN038,SYN079,2350,0.09377585405761264,0.11798791608168951,-1.186334378805975,0.377538871886619,0.47638241916641005,-1.1878282640521929
SYN038,SYN082,1137,0.2179030277215394,0.17568948403773568,1.4790754073517869,0.8845344651128481,0.7104185959123381,1.4333198251307897
SYN038,SYN087,1213,0.13846853169981452,0.15314004610317047,-0.5214449318303702,0.5650151529303153,0.6267788719174309,-0.5247844492293476
SYN038,SYN088,2350,0.16548001078332514,0.16861179489426234,-0.1560773063650607,0.6682710910285757,0.6817819632959415,-0.1613579500222742
SYN038,SYN091,2350,0.13116949462847588,0.13887513929059125,-0.3802406739214098,0.527687636572494,0.5594898242784562,-0.38194350143302624
SYN038,SYN094,1137,0.13523089021964277,0.11455620751552795,0.707277399198617,0.5434632623360408,0.46040227557854224,0.6941646331525219
SYN038,SYN095,2350,0.1393532254113582,0.17291753292120005,-1.6668585223580796,0.5635894778186398,0.7029619363822177,-1.6641362275939071
SYN039,SYN044,2314,0.1016690971006463,0.11001859480576197,-0.4059343608887826,0.4276979274911211,0.4641837151982943,-0.4159583074787572
SYN039,SYN047,1177,0.09641900576348837,0.09733814009324586,-0.031791305961467016,0.39299318356618446,0.3986802150205498,-0.04773676750619679
SYN039,SYN048,2314,0.34871961606249224,0.3483802293979439,0.018571483011289483,1.4554864050247827,1.4552969138290006,0.0021353769064809632
SYN039,SYN050,1137,0.16413304639559634,0.10784111975159517,1.931900308817086,0.6831928629050239,0.44735231447642493,1.8977934320273255
SYN039,SYN055,1177,0.10585537514720934,0.09236607851140774,0.4667855529225412,0.42673590180306625,0.371917326299125,0.4652212578295039
SYN039,SYN057,2314,0.14502197436427555,0.13534735692448696,0.47441359286054735,0.5839394902607454,0.5449271791489414,0.4642115596783098
SYN039,SYN058,2314,0.19033732724869665,0.1398245582246158,2.4969295118742147,0.782482880874954,0.5719969746545944,2.444773938449996
SYN039,SYN060,1177,0.09714902939060799,0.09004318098474631,0.2456253448619519,0.39186234466928704,0.3626582591076979,0.24775036790127414
SYN039,SYN065,1137,0.13893773003644802,0.11964725487297778,0.6606711630464825,0.5645085406345952,0.48713497542240636,0.6393138394573255
SYN039,SYN066,1177,0.0732388425822704,0.12686295914783774,-1.8564056539742442,0.30804654729870945,0.5319551604753884,-1.821821372888123
SYN039,SYN069,1177,0.14195644010372493,0.1341216630918333,0.2736644433846795,0.6042347485456985,0.574421663899961,0.23886421013005754
SYN039,SYN071,1177,0.12283753718179234,0.09794297849220375,0.8635492977069616,0.49432950524540803,0.39473959905457906,0.8461233416233693
SYN039,SYN072,2314,0.17260531636772303,0.14166682595198035,1.5250929476283421,0.6988854635907612,0.5720540765875349,1.498362031682648
SYN039,SYN073,2314,0.1252145538889728,0.13855761831875463,-0.6528044998976115,0.5035143346845278,0.5584539383626761,-0.6551978560329687
SYN039,SYN075,1177,0.12702745504500684,0.16500709140861997,-1.3298498281913924,0.5178759255015114,0.6745852287760385,-1.3136111004916946
SYN039,SYN076,1137,0.12542457224794618,0.09409800090905515,1.0678765562327894,0.5088638824871853,0.3818531741470764,1.051564692485406
SYN039,SYN079,1137,0.08503644092638882,0.09764452337043181,-0.4281541115581971,0.34191348176789566,0.39365137522774757,-0.43293616528311085
SYN039,SYN082,2314,0.16013391021733595,0.1453972279515839,0.7253772258581467,0.6458914664682828,0.5860079314741655,0.7107752629869942
SYN039,SYN088,1137,0.1804483838957113,0.13953986894458192,1.414004635577743,0.7296702131137904,0.5625188809018398,1.3848376042443127
SYN039,SYN089,1177,0.10984172282233211,0.13690172522311647,-0.9415675721182555,0.4407220212171617,0.5532864221907684,-0.9597009368871975
SYN039,SYN091,1137,0.13601670632162824,0.1149303863850219,0.7214670022070966,0.5468190756986004,0.46210245436164993,0.707711808153243
SYN039,SYN093,1177,0.13805286630629357,0.1279019636351747,0.35407162054292013,0.5607049998257602,0.5207200930647002,0.33626682876894676
SYN039,SYN094,2314,0.08631991981561654,0.09480450755849854,-0.4112538636031589,0.3459945422668795,0.38050990519704,-0.4135273728979089
SYN039,SYN095,1137,0.11028362857518756,0.1431032146782852,-1.1233351438936716,0.4441315265249306,0.5798090065942031,-1.132574888621525
SYN040,SYN041,1123,0.1478618576915175,0.10228332489702348,1.5498798807240866,0.6153521470645976,0.42189436069806446,1.5484596729275488
SYN040,SYN042,1159,0.12835801219712237,0.11238282411356913,0.5511545042576522,0.5248788862453391,0.4579223468829497,0.5551557583706417
SYN040,SYN043,2282,0.15294619724581282,0.1022460413701587,2.4609974214929506,0.6201491342296703,0.4130963615308975,2.4281132699249337
SYN040,SYN045,2282,0.11034802312587023,0.11302883987255755,-0.12959587038312279,0.4495678610209813,0.4609214246402465,-0.1327706688128015
SYN040,SYN049,1159,0.08991824791229107,0.07954104369909774,0.35537953443710774,0.37684810004420677,0.34013460064257095,0.29737282030957646
SYN040,SYN051,1159,0.1109769621331466,0.12634121603373452,-0.5298560131686043,0.445947256157709,0.5103071409403394,-0.5436461564692253
SYN040,SYN053,1123,0.020293873760257156,0.07090107489665634,-1.6975356650681033,0.08321508418727643,0.2911007911803028,-1.6930543428067155
SYN040,SYN056,1123,0.1175514689367818,0.10465466056845511,0.43701053178061333,0.4990676852231043,0.44326600866834925,0.4382230340867644
SYN040,SYN059,2282,0.08428913602547054,0.09312786821685504,-0.42530074661476897,0.3387000953948251,0.3750607481422193,-0.4315358225743476
SYN040,SYN061,1159,0.05179609457563028,0.10298358325489637,-1.751254878795868,0.20725187068560486,0.4166857569105023,-1.7795802357558803
SYN040,SYN062,1123,0.12785900538658562,0.11186281788641743,0.5431503277440082,0.5299668219064082,0.4540084858144246,0.6111758429148203
SYN040,SYN063,1123,0.08073632877687485,0.10754818695843635,-0.9053767207454309,0.3540385155437015,0.47048433691191227,-0.8882575704933181
SYN040,SYN064,2282,0.15994204607256138,0.14097534952997598,0.926451917152405,0.65212417735363,0.5735877466234988,0.9153663554481618
SYN040,SYN067,1123,0.09052660356378639,0.11638837569598853,-0.8749159364430587,0.3732101022754501,0.4782114741826951,-0.8517313992987886
SYN040,SYN068,2282,0.10819953811459362,0.131764703032991,-1.14146248994486,0.4480135320513717,0.5465129574675386,-1.1331785030396062
SYN040,SYN074,1123,0.13785793857448914,0.0945963826334205,1.4678793118721778,0.5646941103068629,0.38201446736098194,1.4873283002433013
SYN040,SYN077,1123,0.23269451455972145,0.23218141556483396,0.0181522988872129,0.959232675919941,0.9588665302287466,0.002943598852316901
SYN040,SYN078,2282,0.09250375532707736,0.09062789154708897,0.09030882652419232,0.3797580098248011,0.3727287337424169,0.08160450316525875
SYN040,SYN083,1159,0.15045823180358928,0.11567027268585652,1.204243273849181,0.6191158133173852,0.4723831425233568,1.207393321940078
SYN040,SYN085,1159,0.11997841937057885,0.10846456879133727,0.39665045325346915,0.481565432135237,0.43677312596874907,0.3786751595790458
SYN040,SYN087,1123,0.14048785309539358,0.12097632998924221,0.6643574543118278,0.5741007627612944,0.4927748726831158,0.6639506508582645
SYN040,SYN090,1159,0.16974750213952947,0.12673774248642758,1.495446869811584,0.7005979147461553,0.5206248302510115,1.4745291891392727
SYN040,SYN092,2282,0.09922121701541944,0.08974665171557236,0.45638283426278625,0.3991817849265573,0.36127837343858354,0.449090800937172
SYN040,SYN096,1159,0.16976178482889723,0.14641854114065544,0.8140563458948888,0.6858968347556996,0.5920719040886666,0.7859785665608956
SYN041,SYN043,1123,0.14402933719211572,0.13587726052583207,0.2782728409468082,0.5876655523430135,0.5580389555602489,0.24218038210292225
SYN041,SYN045,1123,0.11068561150853068,0.1389799809882939,-0.961969551906858,0.46040965605590256,0.5866323897127361,-1.012665275018554
SYN041,SYN050,1213,0.17742982517157782,0.12854230202141367,1.7416993797673543,0.7501388072514903,0.5389950845203558,1.725851413857123
SYN041,SYN053,2336,0.11870670350465011,0.12263359040916891,-0.1924760697901762,0.49294946164130166,0.508683499791108,-0.18253896119164806
SYN041,SYN056,2336,0.17526189338772008,0.15974892048708064,0.7709426586177538,0.7437606328518155,0.6769491282173681,0.7551697673515096
SYN041,SYN059,1123,0.17716577370935538,0.21998420895696655,-1.492080120918997,0.7253841230560183,0.9133589628657073,-1.528069270928506
SYN041,SYN062,2336,0.1908936091632895,0.15932448920388945,1.573211304529069,0.7894131629191931,0.656264651708305,1.5442841403478091
SYN041,SYN063,2336,0.10425776232501231,0.11868549601387579,-0.7056572667670806,0.47460417910382546,0.5455362247110634,-0.7491352310952568
SYN041,SYN064,1123,0.2080101118259367,0.20906057441176176,-0.036753505492692684,0.8551351481859442,0.8655194551070562,-0.08388402669452023
SYN041,SYN065,1213,0.1557497751860093,0.14261474294166812,0.4673102923435825,0.6498223252398577,0.5893443602192521,0.5019352817690877
SYN041,SYN067,2336,0.12368686398611387,0.12844114336456625,-0.23334594033747094,0.5248220181296187,0.546714249553507,-0.24823152156858122
SYN041,SYN068,1123,0.10250707340411006,0.14260707384409882,-1.3626639936437024,0.43201181597649996,0.616142725818104,-1.4578867224656973
SYN041,SYN074,2336,0.15571585333905846,0.1730481448302283,-0.8604437806409838,0.6411665288869831,0.7131743649655591,-0.8408518467015437
SYN041,SYN076,1213,0.16212534309303192,0.11013835646998994,1.8429703829441437,0.6915361541672024,0.45969965987992517,1.8780294678012468
SYN041,SYN077,2336,0.13366344937443392,0.15329024151879314,-0.9679560565993132,0.5637581807560603,0.648948899975916,-0.9714138399045295
SYN041,SYN078,1123,0.16045790196427848,0.19351470955740513,-1.1421879260137717,0.6638762173982343,0.8056736574690954,-1.1417322822630653
SYN041,SYN079,1213,0.1347244810721063,0.14496140547711042,-0.36319811582944544,0.5640376717928379,0.6024894310345995,-0.3181894168914303
SYN041,SYN087,2336,0.15376831887764494,0.14917649659383647,0.22699891965971006,0.6493413424692449,0.6293865653981906,0.22696866114762637
SYN041,SYN088,1213,0.20594349029884337,0.16930609843449979,1.3211101562813061,0.866081308285599,0.7014921111227942,1.3489074119833224
SYN041,SYN091,1213,0.10630047753189537,0.14814065187758169,-1.4795900915966087,0.4393959661184033,0.6091810488859878,-1.4263076953340939
SYN041,SYN092,1123,0.13792095257214643,0.1329803668237956,0.1684342352679993,0.5626587718540438,0.5461091639015612,0.1353347502115834
SYN041,SYN095,1213,0.2603450947487061,0.22478526024422749,1.314464216515076,1.1267618499399612,0.9510169725268885,1.3883427705371176
SYN042,SYN043,1159,0.22983876441516174,0.2138823465003407,0.5706199388051973,0.9641102409416473,0.8899540226577022,0.5943988950636178
SYN042,SYN045,1159,0.16238884867691988,0.11766737362781711,1.5512256550715038,0.6700521710511849,0.48363528372224934,1.5289517428390373
SYN042,SYN046,1094,0.1340323387013255,0.11275307745508441,0.7137562323276095,0.5530235926708684,0.46225119300107204,0.7245816355524812
SYN042,SYN049,2253,0.07755599959888054,0.09178320542130247,-0.6797404436704559,0.3363620423194213,0.40002356756527646,-0.6946578903504662
SYN042,SYN051,2253,0.18921423795971887,0.19098634151643062,-0.08720987968987251,0.7777873945960083,0.7837255463241263,-0.06807053068177493
SYN042,SYN052,1094,0.050255862908352406,0.08543949848626325,-1.1676232728793023,0.20607393012130243,0.35100250012974066,-1.1662688812149835
SYN042,SYN054,1094,0.02219205141881678,0.09626002045265626,-2.456241420922424,0.09028661436277886,0.39508942974892086,-2.47228158169958
SYN042,SYN059,1159,0.13841356459212012,0.11317815990467273,0.8718496772193242,0.5667939412979915,0.4620696855198169,0.8666016632337148
SYN042,SYN061,2253,0.11057630980982383,0.1247212542745123,-0.6803829505050287,0.45397851553374247,0.5125421520089456,-0.6750307212094859
SYN042,SYN064,1159,0.16154762451338617,0.14638650145304893,0.528006117795599,0.6737530668218159,0.6046794016846418,0.559972118585401
SYN042,SYN068,1159,0.1162704599316371,0.1327659074533542,-0.5696918939435348,0.48786228317217556,0.5535662125027564,-0.5312936361189812
SYN042,SYN070,1094,0.10348998764904488,0.10951997788311225,-0.20145816198568048,0.4276005963988507,0.4531998734410996,-0.20417024867601488
SYN042,SYN078,1159,0.06566017989392572,0.07966843409042478,-0.47881684046410683,0.27268688425927307,0.3319603096042185,-0.4845153277333539
SYN042,SYN080,1094,0.08111226270398948,0.11545816267139589,-1.145638883248791,0.32977358574067067,0.47052108363271533,-1.14252843282783
SYN042,SYN081,1094,0.11033731098584713,0.09963907773835683,0.3573077291225593,0.4519680745952457,0.40932997354030765,0.3430530103370656
SYN042,SYN083,2253,0.15227848148047846,0.12277208193953089,1.4267065124092613,0.6360880684657751,0.5092972222419713,1.4325066431894882
SYN042,SYN084,1094,0.1202679564807062,0.08915992999063636,1.0389871218969662,0.49169597998949865,0.36399522812748303,1.0291287508604228
SYN042,SYN085,2253,0.12026162595771261,0.10216396673442431,0.8692230649057991,0.49094747142026257,0.41572306894250827,0.8718618750374519
SYN042,SYN086,1094,0.27585629190897326,0.21652962236199,2.0868323639047364,1.147008174885533,0.8915067834130167,2.0007941486268663
SYN042,SYN090,2253,0.12910612365454374,0.12842225080074457,0.03298585163388733,0.5359088978596097,0.5310054422643348,0.055859500487150236
SYN042,SYN092,1159,0.10216771515338352,0.08349145679323909,0.6405317248967879,0.41789383345138104,0.33989888536645857,0.6471483981669064
SYN042,SYN096,2253,0.12337756162799461,0.11379125214373353,0.46120794515282976,0.5038890612679582,0.46353535452489336,0.4674517168111832
SYN043,SYN045,2282,0.13702065568460112,0.153880586070168,-0.8222915430783364,0.5629903929744592,0.6343086805402419,-0.825645925242891
SYN043,SYN049,1159,0.17022735646779574,0.12907988324961206,1.431290038971019,0.7169255345739458,0.5488336404729532,1.3486691868705554
SYN043,SYN051,1159,0.1727976546874205,0.16620547773209102,0.23076501001165328,0.7022634016469378,0.6761157071701662,0.21766004462622193
SYN043,SYN053,1123,0.07238146082384399,0.08224505492787793,-0.33208674873379296,0.29482116195371416,0.3363078251370969,-0.34074774938329766
SYN043,SYN056,1123,0.1283278855076266,0.13327048869136277,-0.1682906960369683,0.5337524979487133,0.5600439064013139,-0.21090356929332488
SYN043,SYN059,2282,0.12035248007018583,0.11349708974783167,0.33180623738897486,0.48449072464440196,0.4571420851480193,0.3235936454623069
SYN043,SYN061,1159,0.11153531568991668,0.1314362603005029,-0.6867923715614515,0.44888185387804247,0.5313253138705323,-0.6953323074884128
SYN043,SYN062,1123,0.15622377534771087,0.1455332272002721,0.3661122815726507,0.6378503129103203,0.5899439984586067,0.3910729316067099
SYN043,SYN063,1123,0.2017500372901133,0.20468126486376623,-0.10232332915079595,0.9141151778414507,0.9318364353219162,-0.129069342546348
SYN043,SYN064,2282,0.17552853587396355,0.16268906956537177,0.6309964434549072,0.7132882967231079,0.6602738215916567,0.6195417979279573
SYN043,SYN067,1123,0.1822957421050082,0.2215055467378622,-1.3681888376132545,0.7602676186030448,0.9337715822418455,-1.3827019980509427
SYN043,SYN068,2282,0.11811574351842048,0.1277077161687108,-0.46493769833303894,0.4934571082418789,0.5345114868449928,-0.46767934872993766
SYN043,SYN074,1123,0.1287851553081249,0.11087906907674058,0.6080001770419083,0.5197148203975536,0.4471748303165501,0.6001331796777004
SYN043,SYN077,1123,0.14914801202504152,0.1367184486512018,0.42465432521338103,0.6093279933297994,0.5621863156259765,0.38466264900394304
SYN043,SYN078,2282,0.11484914425385896,0.1002656577189797,0.7043607442896368,0.4697717713211026,0.4102571364393937,0.6930319010966288
SYN043,SYN083,1159,0.11700560300342934,0.1326852291087533,-0.5415600452757818,0.47963303953201647,0.5396518468803255,-0.4967655366829271
SYN043,SYN085,1159,0.10598648545809249,0.11005903309618002,-0.14010165702023872,0.42652237167771634,0.44341459024355123,-0.14249526114349242
SYN043,SYN087,1123,0.1425956750220143,0.1420007878694746,0.020320191913141935,0.5825368893339153,0.5831337553312621,-0.0048720940975110275
SYN043,SYN090,1159,0.12832520345387044,0.13454027373685812,-0.21502763933338842,0.5309103923101315,0.5574991869465228,-0.21778235662154677
SYN043,SYN092,2282,0.10598227056141131,0.0967891010288258,0.4434328779891288,0.4262197832335829,0.389371164231512,0.43667685624031144
SYN043,SYN096,1159,0.1602305214246508,0.16073710936370514,-0.01767932226323099,0.6498973686234064,0.652698257605648,-0.023379980574046288
SYN044,SYN047,1177,0.19525195851013596,0.1521490563963776,1.52308366540504,0.8194101356910696,0.6446523126688105,1.4157569308266584
SYN044,SYN048,2314,0.12414347767606287,0.13418663382594131,-0.49099930212408227,0.5222510696706567,0.5662320469321392,-0.5008573377727996
SYN044,SYN050,1137,0.045045776475921825,0.09854017901210357,-1.8111958191113198,0.19735538573300399,0.43560112049534283,-1.8239786480667572
SYN044,SYN055,1177,0.19191115695545127,0.16964896848389086,0.7885939281668087,0.8213763214447027,0.7300497009513718,0.7243921975389725
SYN044,SYN057,2314,0.1321561428210315,0.10859078368272249,1.1495675428988448,0.5565647578443758,0.45702561054290425,1.1317595653734627
SYN044,SYN058,2314,0.1569183761085559,0.13473560143561938,1.089609111874417,0.6868804799667843,0.5877828387720376,1.080356120095652
SYN044,SYN060,1177,0.1499308408207341,0.11373647609288509,1.262237650295372,0.6245092612971707,0.4779407730369286,1.200556218624544
SYN044,SYN065,1137,0.13791331885344385,0.10932807393550512,0.9776164505776157,0.6027085137204463,0.47189285453360663,1.001982614494222
SYN044,SYN066,1177,0.17858465539683308,0.16024473771795153,0.646982681035721,0.765184664316369,0.6873201228335525,0.6182172556899427
SYN044,SYN069,1177,0.14701493257826695,0.12255411220611742,0.853672069770928,0.6698814479970325,0.5670527705453087,0.7665025501165434
SYN044,SYN071,1177,0.11906513483503242,0.09458152638166777,0.8486268309339415,0.4990393558257821,0.4016927519888261,0.7932304226889121
SYN044,SYN072,2314,0.22882667478536517,0.21754450894034055,0.5708062085120029,0.973219666251808,0.9253714064043803,0.5343202795766016
SYN044,SYN073,2314,0.1761029235780513,0.13960108285566258,1.7998146592828006,0.7503938762411857,0.5930421073052743,1.761843184619353
SYN044,SYN075,1177,0.10063262129383685,0.10032422414289548,0.010674592187408898,0.4284823249944356,0.43196998929734576,-0.027977783713309865
SYN044,SYN076,1137,0.12081806650618071,0.1617946771466704,-1.408215604417483,0.5126767396546612,0.6830963400784049,-1.3487520514656604
SYN044,SYN079,1137,0.13442174970901713,0.14214799232233474,-0.26525437852465983,0.5699650314529655,0.5984792731686589,-0.22559910894406102
SYN044,SYN082,2314,0.16797618142353665,0.14886960711916972,0.9421861248991691,0.7103783367663233,0.6292141154445252,0.9166398180298798
SYN044,SYN088,1137,0.1312609007461237,0.15518604427099572,-0.8225935691850639,0.557070942922172,0.6552546228107269,-0.7760786630812722
SYN044,SYN089,1177,0.13533695954095076,0.1427883820392358,-0.2603492253359755,0.563299283026573,0.6012298828361723,-0.31112918651266325
SYN044,SYN091,1137,0.11584749330781785,0.12688864970963168,-0.3773728637617215,0.49159589169919715,0.5371498523275405,-0.3604099014656381
SYN044,SYN093,1177,0.19405583211120167,0.14203989431357006,1.8345266427072238,0.8120046403180722,0.599100179050778,1.7301576508500942
SYN044,SYN094,2314,0.08451661391135132,0.11152335006887154,-1.3109695473965872,0.3541701383114861,0.4693728626469451,-1.3196171140926118
SYN044,SYN095,1137,0.09349616322614653,0.14859322663583954,-1.8834905060413498,0.39560282809299774,0.6259571558545145,-1.8307905773944844
SYN045,SYN049,1159,0.12116496307130971,0.12378121477809577,-0.09030718959409875,0.524018255410679,0.5444182125060683,-0.1596389118978696
SYN045,SYN051,1159,0.1812301046889991,0.14392734478184543,1.302899376912543,0.742327288334613,0.5882285883297943,1.2718120180765329
SYN045,SYN053,1123,0.0924973620698862,0.08850206753458785,0.1348124552802333,0.3848751004002917,0.3696650733615268,0.12206699951055566
SYN045,SYN056,1123,0.15978349173268638,0.13133427638082085,0.972774702628207,0.6898371832292058,0.5702944228026663,0.9200542202092694
SYN045,SYN059,2282,0.14619992760110412,0.12207428373744847,1.1728957474013597,0.5988172270833786,0.4992821532443135,1.155544108385514
SYN045,SYN061,1159,0.12967282375066186,0.13645588433616326,-0.23478210568873065,0.5306829883366413,0.5621873651974699,-0.26095339561741154
SYN045,SYN062,1123,0.15449004082666948,0.14365074643673123,0.3710005025304035,0.6473310418589304,0.5942260299047497,0.421875812107418
SYN045,SYN063,1123,0.11395077179217265,0.11260539853531465,0.045610073248517936,0.5002669392709771,0.4940410831738548,0.04733405522390603
SYN045,SYN064,2282,0.14524741806694097,0.17048773674450837,-1.2358159062091227,0.6009424950713443,0.7077706064704057,-1.2273491334106077
SYN045,SYN067,1123,0.21494059264737908,0.1218612772634629,3.208611392760397,0.8947580638050546,0.5044514404032434,3.109882914022026
SYN045,SYN068,2282,0.300894866838925,0.31689950690122964,-0.8446649088213548,1.2772163145057553,1.3495678005503153,-0.7980482388779443
SYN045,SYN074,1123,0.12329621645157723,0.11859125125434622,0.15979596189085551,0.5067300674291718,0.48666104715386155,0.16294665304181255
SYN045,SYN077,1123,0.1631596505316124,0.15230155959036845,0.37265656286252064,0.6697323597637614,0.6274494771137417,0.34317298686080294
SYN045,SYN078,2282,0.10304266788008695,0.11514662805183305,-0.5847969458040541,0.43071961196128256,0.4829317245166592,-0.5947991095798889
SYN045,SYN083,1159,0.16057024525204405,0.13325240736958652,0.9493607347591775,0.68046260461172,0.5542714785222493,1.0060760469652166
SYN045,SYN085,1159,0.15164364047714224,0.1299406510262958,0.752857038622933,0.6193718763762023,0.5303607010984177,0.7380695845345852
SYN045,SYN087,1123,0.13835047556457716,0.1541564385852954,-0.540543194136747,0.5672499620017799,0.6343705273921831,-0.5461936202147218
SYN045,SYN090,1159,0.2149382608692932,0.22272549002682762,-0.2780842061104378,0.89356759363024,0.9279946407831222,-0.2790678155201634
SYN045,SYN092,2282,0.09401424001886817,0.11143508019662338,-0.8405431531614678,0.3831514810498811,0.4551159842660895,-0.8416787716147964
SYN045,SYN096,1159,0.17688885869966367,0.15185313085199198,0.8749035128257006,0.7241754135570807,0.6209134625233406,0.8529324741299751
SYN046,SYN047,1097,0.07908992581341764,0.109601668874934,-1.01834261646409,0.32372739058936345,0.4511693910283114,-1.0294613565330288
SYN046,SYN049,1094,0.16258918623925617,0.15657691870994758,0.2037771548054276,0.7317015632465819,0.6915387210010832,0.29197778548359876
SYN046,SYN051,1094,0.11366698828584793,0.1450217977388665,-1.0533735118198524,0.4652602650031357,0.5911222158189147,-1.0138093083087305
SYN046,SYN052,2191,0.08404835520906308,0.11033878934053704,-1.2415657919141447,0.34371006274448196,0.4534292687005005,-1.2532831922387957
SYN046,SYN054,2191,0.13502414089565182,0.11281642628866069,1.0550369046751376,0.5548109390570465,0.46273792762069454,1.0444662736559165
SYN046,SYN055,1097,0.15056965520057677,0.1317282853515489,0.6358799447374817,0.6130431422252843,0.5405383712708395,0.5867381231903295
SYN046,SYN060,1097,0.11011456617239794,0.10637796223336336,0.12505614889207434,0.44459821672498434,0.4325905196813936,0.09820883496059153
SYN046,SYN061,1094,0.10574374682164236,0.1350264064113902,-0.9815136303276008,0.4357968655403841,0.55417874376795,-0.9466375717572346
SYN046,SYN066,1097,0.13736657500771676,0.14987723589338275,-0.42251990082099006,0.5694567982884426,0.6283075554788462,-0.46801128199413317
SYN046,SYN069,1097,0.20802698605234096,0.14188038557764687,2.2578818382852908,0.9395138391426342,0.6274470093077666,2.2520032433121977
SYN046,SYN070,2191,0.12076577470310983,0.1386610433523423,-0.8514201053145393,0.49852171867528233,0.5746805652978841,-0.8604191898171594
SYN046,SYN071,1097,0.12006764174441985,0.11092138816907915,0.3066105990653381,0.4903593593047829,0.45440016480570755,0.2904767061951949
SYN046,SYN075,1097,0.11340879624156752,0.12537878754921564,-0.4016459795651468,0.464287916350454,0.5203954571163497,-0.45222255084602453
SYN046,SYN080,2191,0.0737477164706345,0.13034294925547696,-2.6759115637201085,0.29874156053767836,0.5306888096567574,-2.6762745679437945
SYN046,SYN081,2191,0.1961028603601259,0.18355586773936594,0.6088480432247111,0.8141937862463181,0.7614356236574638,0.5897819122172641
SYN046,SYN083,1094,0.1662878486308338,0.1471780382022264,0.6471209059590124,0.6888449648712272,0.6111786547425895,0.6158753805610094
SYN046,SYN084,2191,0.16160476415778352,0.12454379920284679,1.7700182774915372,0.6627846669428172,0.509023992188499,1.7451504255290116
SYN046,SYN085,1094,0.12504035340297184,0.12518764649756134,-0.004942501014422823,0.5111268113691935,0.5091968511285928,0.015555535430373595
SYN046,SYN086,2191,0.16859391794556214,0.1857530638542909,-0.8286726502208103,0.688105884553184,0.7601421367107541,-0.8214673780683561
SYN046,SYN089,1097,0.14764134330682135,0.14050168948134803,0.24115552005128382,0.6002745808575517,0.5725401558940211,0.2248573844881745
SYN046,SYN090,1094,0.16745228469896445,0.14799235127453456,0.6591883396592081,0.6983717854541243,0.6115886611318397,0.6836975571913693
SYN046,SYN093,1097,0.1241668663979861,0.15021485466486997,-0.8781358354978032,0.5045302902424984,0.6155052438057896,-0.9013445113817968
SYN046,SYN096,1094,0.22849518452951334,0.18801727315167813,1.3978482231829676,0.9449469583628758,0.7695989379435078,1.38694602713397
SYN047,SYN048,1177,0.1251916810971226,0.11872063431686801,0.22507026958880513,0.5106616561307502,0.48636250801546316,0.20358859398097817
SYN047,SYN052,1097,0.09202789114945141,0.08645288626958089,0.18587782566486494,0.3782871116201811,0.3572297392200424,0.16915118601041979
SYN047,SYN054,1097,0.058826868581751256,0.08703554050262303,-0.9380738630995433,0.24179986542915807,0.3588864731163264,-0.9411861768494713
SYN047,SYN055,2274,0.08637086789796981,0.10498801187995384,-0.8954242165288467,0.3546818162059389,0.4329848608316247,-0.9073353932555759
SYN047,SYN057,1177,0.09621307398807517,0.09096504276144027,0.18140623268507863,0.39156360314240923,0.3718773792335958,0.1655201515258522
SYN047,SYN058,1177,0.15718923443803376,0.12460659038501494,1.1391245041302178,0.6585537031359837,0.5242662659728226,1.0921893391703814
SYN047,SYN060,2274,0.0933622449425082,0.08777546866075019,0.2684405442104856,0.38125904427932467,0.3590370938722629,0.2589755674856646
SYN047,SYN066,2274,0.09391577951316668,0.1236679510109419,-1.4349343749124683,0.3950683492953508,0.5202539990110004,-1.4161220235577268
SYN047,SYN069,2274,0.1067134064571143,0.10945778422261646,-0.13232937485267188,0.4722278253016656,0.48522477148644116,-0.1393961729185682
SYN047,SYN070,1097,0.16904042046340598,0.14355218505219064,0.8642031759595808,0.7100310562451585,0.6010757903258156,0.8524573031677591
SYN047,SYN071,2274,0.045638466938437434,0.08753979748755476,-2.0060019386272243,0.18687337328478623,0.36062260291662623,-2.020967775911249
SYN047,SYN072,1177,0.14662120028190523,0.13686230909744945,0.34123412918465185,0.5989726322592677,0.5610980992755353,0.3165306754893399
SYN047,SYN073,1177,0.1705041567846577,0.1260608999689402,1.557310809785409,0.7006140560203592,0.5187937597357473,1.5080410163317197
SYN047,SYN075,2274,0.10062137886875828,0.08610768131408397,0.6977452852811398,0.4187012180142285,0.3585125130294218,0.6877067936379361
SYN047,SYN080,1097,0.10385967999472484,0.10305366452663053,0.026947935195835496,0.4242208282327682,0.4217050173513502,0.02033865753465629
SYN047,SYN081,1097,0.08070764184650335,0.09482675987860702,-0.4706326834532034,0.3333256019506398,0.39157581066123154,-0.46575255944586763
SYN047,SYN082,1177,0.1557723505923061,0.14261243588651512,0.46117951734986773,0.6373359389686062,0.5855383352701535,0.43194719893670874
SYN047,SYN084,1097,0.12595095831782674,0.10368033307448274,0.7464890640538563,0.5188814716406419,0.42619882948172627,0.7418416631156542
SYN047,SYN086,1097,0.14569157243730424,0.1569952380785263,-0.3826452020603174,0.5968397627105945,0.6448277599607241,-0.38606735692951605
SYN047,SYN089,2274,0.11891131091527175,0.10953819245585882,0.4525845484217536,0.48593471872221783,0.4484029234253805,0.4366161568444335
SYN047,SYN093,2274,0.26716737410058233,0.2697864402429958,-0.13450696651501307,1.1128220296237838,1.1270160447466688,-0.16015970837714005
SYN047,SYN094,1177,0.05787903065189782,0.08815715607648146,-1.043082850137472,0.2350861300248808,0.36028538372137303,-1.0559417832352787
SYN048,SYN050,1137,0.14581455700386373,0.13153082779356606,0.4904436693567989,0.6064295128450574,0.5478692444118763,0.4721659835684129
SYN048,SYN055,1177,0.08927855544322265,0.11265634847482421,-0.8092980061828915,0.35970274889931364,0.4543989540714121,-0.8045018807299289
SYN048,SYN057,2314,0.16993458922576274,0.16507942366469794,0.24014022497831342,0.6857978697853176,0.6664370776264784,0.22954993604529403
SYN048,SYN058,2314,0.18638642609445155,0.17054014212311924,0.7868555194355326,0.7672108898977489,0.701272751560614,0.7650345018395984
SYN048,SYN060,1177,0.10490433222810289,0.10982317467928894,-0.17050340887246657,0.42294117534780107,0.44258120592954253,-0.1666631680874767
SYN048,SYN065,1137,0.17713403970676395,0.14593044390600152,1.0790301983941737,0.7232517899326798,0.5963468588193058,1.0409961552835978
SYN048,SYN066,1177,0.07248590147455632,0.1547312386174433,-2.8565933365682765,0.3043215350694834,0.6493080721529495,-2.8130560686202344
SYN048,SYN069,1177,0.16559260440118484,0.163584478834732,0.07072161018570759,0.710208370029848,0.7060613490729307,0.032902270691797755
SYN048,SYN071,1177,0.06836369423922611,0.11945833896496061,-1.7666695876351208,0.2742223426092455,0.4824121532680454,-1.7776252747104315
SYN048,SYN072,2314,0.21064523650336248,0.17278710506040731,1.8896636421080406,0.8563164708068113,0.6994626083086057,1.8410038324455371
SYN048,SYN073,2314,0.17256542723919407,0.16899489059970696,0.1768027273490415,0.6972238486337266,0.6834436614204383,0.16316299550141838
SYN048,SYN075,1177,0.1561947232765014,0.2012545805790681,-1.59517618738938,0.6398667647205161,0.8282767625851384,-1.5690093577387358
SYN048,SYN076,1137,0.1830907670366892,0.11476872626876382,2.3539489214426297,0.7468565925527956,0.4659084397641361,2.306038691106491
SYN048,SYN079,1137,0.1485730745641219,0.1190943215167341,1.01087942225922,0.6000729096871895,0.4804865697358862,0.9936670431280654
SYN048,SYN082,2314,0.20349325369960866,0.17733697308979193,1.3048022521425924,0.8248066531487661,0.7169741683027362,1.2701860117966015
SYN048,SYN088,1137,0.2400763279223388,0.1701929144909037,2.4579247962854582,0.9785626035620518,0.6878880073319003,2.3785746923924584
SYN048,SYN089,1177,0.15801705723197648,0.1669752436402854,-0.3152674362907124,0.6365000255717498,0.6762874634145899,-0.337161209410096
SYN048,SYN091,1137,0.14725487434840454,0.14017741001463133,0.2433605713079178,0.5923376260269525,0.5648492008928305,0.22938300156463395
SYN048,SYN093,1177,0.09124221202503138,0.15599848362209023,-2.2540719549302066,0.36860462413102085,0.6359766471596177,-2.265299813474343
SYN048,SYN094,2314,0.0887009949601046,0.11563043286692319,-1.3083134987423823,0.3554403041828945,0.464627179861794,-1.3084433977429308
SYN048,SYN095,1137,0.11202220126077055,0.17453902861831888,-2.1501493363253976,0.45081806946391767,0.7087911785286031,-2.154903943696629
SYN049,SYN051,2253,0.10714782046622251,0.11553685371055193,-0.4029243681020686,0.4585034419387175,0.4968368034385467,-0.42360431561057826
SYN049,SYN052,1094,0.11459137095483678,0.09063470434554523,0.7997564887529951,0.4893340807651153,0.38502984958100367,0.8048397709412904
SYN049,SYN054,1094,0.15441976076435907,0.10595588673424365,1.6287216001976372,0.6604110359622656,0.4499942950744971,1.6161619679724006
SYN049,SYN059,1159,0.12270249730270898,0.10818493859188195,0.5002735288916338,0.5156711180285998,0.45970515265584144,0.45133515506189936
SYN049,SYN061,2253,0.13978703030669182,0.15090618899675315,-0.5388168875371414,0.5922767676757482,0.6426629745693976,-0.5615813799407359
SYN049,SYN064,1159,0.19331176716933296,0.1668722048192103,0.9291414676668441,0.8160179088694738,0.711565513754904,0.8345872200149224
SYN049,SYN068,1159,0.09063641273204132,0.10729886290741593,-0.5721409552890285,0.40035114193114824,0.48106728904366675,-0.6187766198580412
SYN049,SYN070,1094,0.13562954468135482,0.105674056836887,1.0041350034338175,0.5797154612981714,0.4497108573004624,1.0007839634445783
SYN049,SYN078,1159,0.1674209864697606,0.17540698110494413,-0.27974516779326336,0.7075207683149749,0.7509375711481089,-0.34728630904889596
SYN049,SYN080,1094,0.10332165315190604,0.10988841709705033,-0.21939629490361234,0.4414822178221464,0.46806880163652287,-0.20499118841555627
SYN049,SYN081,1094,0.1452868352245642,0.14748916998575873,-0.07433678277033283,0.6210083337216366,0.6278550249484678,-0.05265194703626552
SYN049,SYN083,2253,0.13769407957573387,0.11874886072743564,0.9137017295272393,0.5840876861077362,0.5055441722829394,0.8746053740554229
SYN049,SYN084,1094,0.16004765098934287,0.14657514639815938,0.45571968984718536,0.6863884112529203,0.6244095703958057,0.4743745511087889
SYN049,SYN085,2253,0.07812084413996746,0.09726495843449876,-0.9151514473334713,0.3307879720032893,0.4143754406683071,-0.9349802850439228
SYN049,SYN086,1094,0.17187330875489712,0.13843031957847624,1.1319970580797085,0.7514437831719842,0.5969306079268388,1.1573322973710922
SYN049,SYN090,2253,0.11297320984609521,0.11850386879540555,-0.26590480700254826,0.49972696768399183,0.5258954275385913,-0.2793577970937701
SYN049,SYN092,1159,0.11076339147957208,0.11213478885606168,-0.047213958414515894,0.4643091756231069,0.4767607420188175,-0.10075841519106195
SYN049,SYN096,2253,0.13006235774491215,0.1271852472946365,0.13876924353124306,0.5571948580286017,0.5470854640949361,0.11143936959449294
SYN050,SYN053,1213,0.13900730603886088,0.14154905286777203,-0.0901896018843803,0.5837120741199189,0.593135690908529,-0.07778865942427611
SYN050,SYN056,1213,0.36897928973234345,0.3525275601129744,0.6579219928749231,1.6206923202568164,1.534389641655658,0.6608197274390193
SYN050,SYN057,1137,0.040932090162572085,0.08642949627241639,-1.5386306504283744,0.16888317279483425,0.35836499540282035,-1.5466395046426715
SYN050,SYN058,1137,0.2715694932814847,0.2634838801695318,0.2932742281122274,1.1484995166200627,1.1136160293793054,0.2734643200081584
SYN050,SYN062,1213,0.272964351155655,0.2675944529668562,0.2015135975422323,1.1583064382638566,1.1303656164338554,0.22533118419868828
SYN050,SYN063,1213,0.07523337665411789,0.0931503695047594,-0.6277102211243123,0.3415237794865032,0.4317190174011975,-0.6881071883207136
SYN050,SYN065,2350,0.29600903123205863,0.31471653900428803,-0.9995463115385349,1.2566456924768796,1.3409136782349982,-0.9436102641531462
SYN050,SYN067,1213,0.07552214287052979,0.10080709409197275,-0.8864777028679375,0.32030156381946284,0.4330489939204973,-0.922635291955456
SYN050,SYN072,1137,0.11963021835186027,0.12557865278755725,-0.20337070656528236,0.499021592431808,0.5255977450808828,-0.2138839550173898
SYN050,SYN073,1137,0.06676628161410335,0.12866233317016798,-2.1051426557088027,0.27580659761132587,0.534333301004764,-2.106960794692369
SYN050,SYN074,1213,0.21162952009443134,0.20506418699015933,0.23873979679711785,0.8875403054596036,0.8584299108148322,0.23920001562736362
SYN050,SYN076,2350,0.05539086602706149,0.07993287897595856,-1.194488162049977,0.23231537133265087,0.3366936004609815,-1.2042766086124168
SYN050,SYN077,1213,0.1141386811705222,0.12445243312166451,-0.36394732465089724,0.48858496864703066,0.5316918816130808,-0.3489297361522878
SYN050,SYN079,2350,0.06116154649054594,0.08488854729819584,-1.1556929263714741,0.2546402216049768,0.3546134422134426,-1.1621473031421705
SYN050,SYN082,1137,0.12038579138746536,0.14640992157095795,-0.892292761215641,0.49960156548641677,0.6111530875176316,-0.9026449993707614
SYN050,SYN087,1213,0.1029827550499108,0.1093714317934014,-0.2247651736192544,0.43678752408400967,0.4646759200496671,-0.2280232248487476
SYN050,SYN088,2350,0.13574289550657268,0.13061549569447325,0.25288719994618214,0.566905466539002,0.5454097358267583,0.24836488895753184
SYN050,SYN091,2350,0.08786771515218528,0.10786461273564348,-0.9781691743722323,0.36391921951174866,0.44732695763094876,-0.9742727065260732
SYN050,SYN094,1137,0.054143096624016486,0.09575002659129767,-1.4092334551509371,0.22354374955444087,0.397411931184317,-1.4176280436359918
SYN050,SYN095,2350,0.1477805819739638,0.13052981681600842,0.8522539073750885,0.6235739949563112,0.5497196925437907,0.8436009513971156
SYN051,SYN052,1094,0.15607568381970496,0.1387089019146622,0.5863847844096381,0.6406133714605854,0.5654676576818437,0.6019961447178749
SYN051,SYN054,1094,0.09314459355939846,0.11151540891085929,-0.6132327428190607,0.3770451698389095,0.45238062076990043,-0.61390312306089
SYN051,SYN059,1159,0.19944832033940083,0.13481239171767312,2.2616741592644307,0.8093082454653296,0.5448654197833259,2.2014317520018256
SYN051,SYN061,2253,0.1719502649813844,0.16557693441199975,0.3111774834324033,0.7003752698469947,0.6745891267978057,0.2987390553749564
SYN051,SYN064,1159,0.18262468009434554,0.20698112428105606,-0.8608355093292341,0.7477735943986628,0.8502539261665558,-0.8458931678200897
SYN051,SYN068,1159,0.15815182492862137,0.15605190287303328,0.07320413033517342,0.6604424467258078,0.6485732997556366,0.0961540339425167
SYN051,SYN070,1094,0.12401660194145095,0.12527678522875435,-0.04228113779130532,0.5074105990485902,0.5119420585947642,-0.036479901918509756
SYN051,SYN078,1159,0.19101096331978162,0.1225691012690079,2.386722406218472,0.7918874518851299,0.5059867349641587,2.327841500821395
SYN051,SYN080,1094,0.1397304799495163,0.1571843245778134,-0.5895145139085862,0.5648727730154854,0.6358533370725742,-0.5782191188932847
SYN051,SYN081,1094,0.19785499352009073,0.13341204228588066,2.189480061565669,0.8103982102633646,0.5427133076087487,2.1436709815592185
SYN051,SYN083,2253,0.2157262069664801,0.22749898898470958,-0.5872829948903662,0.8944754563410906,0.9455525795927247,-0.5789776616486837
SYN051,SYN084,1094,0.11904461224455015,0.10781325856963755,0.3758142887532623,0.4812604060581368,0.4354391322272042,0.37357184101130797
SYN051,SYN085,2253,0.1860944417131094,0.20538177948845937,-0.9513629093490157,0.7550864724510743,0.8356197151028021,-0.9359933278436117
SYN051,SYN086,1094,0.17879300014946795,0.18789342589476946,-0.3110479323988325,0.7262337849814724,0.763275020920212,-0.2996552137980413
SYN051,SYN090,2253,0.15016830166448977,0.15340899525420082,-0.15734493979588923,0.619382819666954,0.6315378789832717,-0.13919242295603018
SYN051,SYN092,1159,0.15823817285291555,0.14262196665226878,0.5432565377218477,0.639945171715056,0.5767325793689578,0.5293242255222964
SYN051,SYN096,2253,0.1600959817702872,0.16614811193769893,-0.29492637664146976,0.6482032075880121,0.673188635048721,-0.29147733507626117
SYN052,SYN054,2191,0.041993601003221914,0.08270439488103996,-1.91199152642272,0.16965217262240176,0.33492703545705665,-1.9138598553427675
SYN052,SYN055,1097,0.1293852064388349,0.11825444474457675,0.3738938069861065,0.522156602092897,0.4792656055139165,0.35068443095983987
SYN052,SYN060,1097,0.14524866763088864,0.09096234949031579,1.821436177316304,0.5885448299242627,0.3693101586106453,1.7834996823203912
SYN052,SYN061,1094,0.13890303399923018,0.12804743619735887,0.36507135866281076,0.5640812947547541,0.5192487680210586,0.3635814696787401
SYN052,SYN066,1097,0.11614490827939308,0.1281579871032773,-0.40336437581595114,0.48516609915465025,0.5448238698383102,-0.4709348282785869
SYN052,SYN069,1097,0.0748439803664941,0.1040108415122461,-0.9725625099237457,0.32177723725049145,0.44388644356496126,-0.9389483043005532
SYN052,SYN070,2191,0.07504770875633857,0.09532909411537564,-0.955652290343726,0.30465699976667715,0.38784880675575883,-0.9579546905445356
SYN052,SYN071,1097,0.14953723967201513,0.11670227738372671,1.1057395948404953,0.6069305083808304,0.473135130221694,1.0865436277621403
SYN052,SYN075,1097,0.11057871669295373,0.08400413035498384,0.8874265380409867,0.44861793317438486,0.3424508245236325,0.8641479004775902
SYN052,SYN080,2191,0.10017198876600941,0.09959826793065431,0.027106848364192093,0.4042091726663171,0.4025078850756353,0.019690920478622764
SYN052,SYN081,2191,0.07577414650591986,0.10095058160752837,-1.186987055168457,0.3063457741939809,0.40926698837353725,-1.1899751572655082
SYN052,SYN083,1094,0.1166172076164296,0.10327856424431588,0.4459773978105121,0.47212397565331554,0.42047613217934726,0.4205859554403906
SYN052,SYN084,2191,0.07679862492558905,0.08417908071115575,-0.3474814206407971,0.30960436567047234,0.3400550286749445,-0.35305400040543916
SYN052,SYN085,1094,0.1766573898163565,0.16612970373465671,0.35826039159336154,0.7209275363817094,0.6763541091633036,0.3588290495699112
SYN052,SYN086,2191,0.1337001076231554,0.11934253980661459,0.6825286504367956,0.5433243886102793,0.48501342965213523,0.6691093760300091
SYN052,SYN089,1097,0.15311059414804468,0.11572821200115327,1.259359671902732,0.6259174173805112,0.4707138695475887,1.2505066034220491
SYN052,SYN090,1094,0.1384612149394626,0.15591859967723026,-0.5894082123180346,0.5829170858376113,0.6531855040109799,-0.5487917237530126
SYN052,SYN093,1097,0.1163883345971197,0.12150153262923323,-0.1715499207999908,0.47432812705428096,0.4993208478283441,-0.20236521557254736
SYN052,SYN096,1094,0.05472477808873003,0.10181760102486506,-1.5653761248110614,0.22133454998461494,0.41300886513166424,-1.5646466127988257
SYN053,SYN056,2336,0.1482124845376073,0.17591336109593195,-1.3741730579339262,0.6275878066840308,0.7453898021875999,-1.3373086636472296
SYN053,SYN059,1123,0.05303646970675872,0.08521020796744806,-1.0820042191197274,0.21582091393896172,0.3482296862142847,-1.0890774636205194
SYN053,SYN062,2336,0.15457426390872717,0.15208890361618907,0.12293609993869885,0.6356770120750873,0.6253369679541338,0.1209101683519518
SYN053,SYN063,2336,0.08624344911629148,0.0674382088769225,0.9137372587392487,0.3889434958692918,0.30442855562110105,0.9021028548514222
SYN053,SYN064,1123,0.10563408364628622,0.1387118810217415,-1.1238788092583927,0.4314834763044374,0.569624798778952,-1.130125140869341
SYN053,SYN065,1213,0.18988667718041005,0.15704543540079874,1.1779484254917996,0.7885320112521794,0.6488144098072199,1.1623735319809334
SYN053,SYN067,2336,0.06364796822830253,0.07298145894421426,-0.45293538361087227,0.2663917742972412,0.30696079798270853,-0.46755948458981844
SYN053,SYN068,1123,0.12364307178833951,0.0901140455978452,1.1351742343291549,0.5251454565812298,0.3840530666034118,1.107130040046554
SYN053,SYN074,2336,0.1401862376472073,0.15733719190762205,-0.8471814336037555,0.5751040454389639,0.64656429264669,-0.8383618116522069
SYN053,SYN076,1213,0.09767470560378526,0.07081311238135801,0.9411193452081641,0.4070655134222666,0.29351297888153277,0.9455495328454315
SYN053,SYN077,2336,0.11276501166181686,0.11691976877849397,-0.2033619022343492,0.4722864793260182,0.49058894752240206,-0.21044328714963884
SYN053,SYN078,1123,0.14895122829357044,0.15423022675951442,-0.18082484888641742,0.6170428158129794,0.6397845969477445,-0.1830162636311956
SYN053,SYN079,1213,0.07923333504558568,0.06981071575887907,0.3295992564175416,0.3261333516127721,0.28700125493850337,0.3302636116407145
SYN053,SYN087,2336,0.10036441594585428,0.09823194452291217,0.1040265541727531,0.4183930088048116,0.4099974366387813,0.0970478766243905
SYN053,SYN088,1213,0.09618262051372257,0.11425927066517758,-0.6358551840565517,0.39452152126115975,0.46935278751073367,-0.6335878577980937
SYN053,SYN091,1213,0.08635927115684659,0.08773546849577536,-0.04823660752879372,0.353779021453606,0.35859819640725643,-0.04088731058361969
SYN053,SYN092,1123,0.08814733584370776,0.09718250304510616,-0.30499560836937084,0.3591320867836101,0.39744261746539583,-0.31436257313518234
SYN053,SYN095,1213,0.09976868478440931,0.125308439968495,-0.8998497270213381,0.41244760346512677,0.5191673522408985,-0.8960723805278183
SYN054,SYN055,1097,0.016546579094326615,0.08100187485512415,-2.1377350291019996,0.06672586579085456,0.32719133298920156,-2.1391049642882694
SYN054,SYN060,1097,0.048428663186610606,0.0808160931677058,-1.075824295237837,0.1952734951189717,0.32723974566718544,-1.0822229834568282
SYN054,SYN061,1094,0.156161889815341,0.11058647288901408,1.532922463208228,0.632627804671687,0.44730933004766915,1.5052555988828817
SYN054,SYN066,1097,0.07896301555952105,0.1138628002020426,-1.1652883935560476,0.3294455722668639,0.48149382819426784,-1.2032704143847082
SYN054,SYN069,1097,0.3200219208972122,0.3488833769855204,-1.0749687163615147,1.420423528098876,1.5503038933045479,-0.9406937583660567
SYN054,SYN070,2191,0.11253188970577548,0.09252528186901228,0.9458056367329972,0.4571302616850514,0.37593331868767,0.9330910073374173
SYN054,SYN071,1097,0.18807328799271994,0.18063406862489148,0.25471533741993896,0.7676539653657753,0.7354808582630514,0.25916771490180357
SYN054,SYN075,1097,0.07313160330467733,0.10120572002457444,-0.9357437206259742,0.29696120850858665,0.4123331212514631,-0.9395803431361873
SYN054,SYN080,2191,0.20241838945604648,0.18186255120534156,0.9984213999606188,0.8250992432937259,0.7398266752205143,0.971601070124197
SYN054,SYN081,2191,0.11642104559068765,0.10759409760778715,0.4181385605998247,0.47117653345216925,0.43577715498705216,0.40826419596946084
SYN054,SYN083,1094,0.16946632921682417,0.12441801868146617,1.5210819166065215,0.6862566745611368,0.5065266470502844,1.4593651699253996
SYN054,SYN084,2191,0.09778677492333315,0.095656706206373,0.10057717541539007,0.39425526129729604,0.3860741046920152,0.09478325481099785
SYN054,SYN085,1094,0.10110862949840958,0.0804348641258509,0.6885591781480321,0.4069616741117196,0.3243041514321978,0.6773773368936166
SYN054,SYN086,2191,0.11190625067094398,0.11985975339849415,-0.3770996571876341,0.4531842438633024,0.486210270259364,-0.3806710110603031
SYN054,SYN089,1097,0.10434964805880931,0.11202382132016923,-0.2568358504996045,0.4256046780609604,0.454596197011182,-0.23465201942777078
SYN054,SYN090,1094,0.1613311809346822,0.11518250724560046,1.5543120471901832,0.6762701725913987,0.4780806695340143,1.5527403158938813
SYN054,SYN093,1097,0.147277544789687,0.10972755261352259,1.2630054580822807,0.6050298367166852,0.4493015769038443,1.248715122747954
SYN054,SYN096,1094,0.08116290499410381,0.10831616811751218,-0.905061207047203,0.3270800957710491,0.4388097738886901,-0.914976054227097
SYN055,SYN057,1177,0.09825267584583267,0.08226977925144248,0.5521434106168579,0.39610693388045665,0.3311200965760931,0.5515948363532753
SYN055,SYN058,1177,0.10096612577468252,0.11455719404698013,-0.4711590235313927,0.4109574593790732,0.46803915142166597,-0.4799115282181121
SYN055,SYN060,2274,0.09564647742544587,0.09231604574794242,0.160126220185456,0.387041105159779,0.37355548200690303,0.15857492951571206
SYN055,SYN066,2274,0.12538409507389753,0.13006522662049314,-0.22677939924009155,0.5304817660302914,0.5502068785187556,-0.22132747785686546
SYN055,SYN069,2274,0.13819966323158853,0.1018697153865831,1.756821444960122,0.591368641898457,0.43435746919705565,1.7405695502018887
SYN055,SYN070,1097,0.05413429878167351,0.09585071829451246,-1.387809268415253,0.21893885128036455,0.3891201262195166,-1.3920853808731197
SYN055,SYN071,2274,0.07914101318482387,0.08041298934532273,-0.061004299304503164,0.3193777713422207,0.3245988658690022,-0.06160509231955219
SYN055,SYN072,1177,0.2063565450451072,0.20470462623345934,0.05909727460138121,0.8455921709343222,0.8377614945458722,0.0649821086683147
SYN055,SYN073,1177,0.1747622704958568,0.17277286578011541,0.07028667741318974,0.7091031638659715,0.7007447719424652,0.0702316628263591
SYN055,SYN075,2274,0.10090845117884228,0.08530464211097301,0.7501180786053042,0.4105543233313572,0.34700431543140575,0.7431766810427475
SYN055,SYN080,1097,0.10221881454671007,0.10069304529401676,0.05099071486530181,0.4107093607548497,0.4057310324904007,0.040926178798661075
SYN055,SYN081,1097,0.08345806040427323,0.09923004102697269,-0.526069496445819,0.33732227365103196,0.4012945205975707,-0.5231779844993447
SYN055,SYN082,1177,0.12489494167259421,0.12939430466702082,-0.15669817520313095,0.5046584169915973,0.5227148700710613,-0.15275074834257946
SYN055,SYN084,1097,0.0677377126992168,0.0839217718624143,-0.5384065555997117,0.27212503135608074,0.3380995731365348,-0.5430682186250161
SYN055,SYN086,1097,0.15734858072185826,0.15471495291251952,0.08928273281176646,0.6372615584181043,0.6290022776256141,0.06718402885058729
SYN055,SYN089,2274,0.10720018340905879,0.11568066690477058,-0.4092222214991791,0.4336295298131094,0.46883430030761564,-0.4139634292089672
SYN055,SYN093,2274,0.15253379823547092,0.12121748028306432,1.5210092812650449,0.625309797004198,0.4960870999133803,1.4956252105883794
SYN055,SYN094,1177,0.09415959312624812,0.09083349460612043,0.11494794614365901,0.3794414172027965,0.36581572315470606,0.11571939311573702
SYN056,SYN059,1123,0.1423449528751219,0.11984615598924103,0.7661555235697638,0.5929639681505696,0.5035093285395799,0.7158307299628299
SYN056,SYN062,2336,0.3304136915197139,0.33255919893720964,-0.11642351369097113,1.431386055880054,1.4424861144331915,-0.1205788186128699
SYN056,SYN063,2336,0.13339730164385702,0.11576477733282785,0.8651218993304921,0.6359339874795412,0.5508963784069937,0.8541265542565106
SYN056,SYN064,1123,0.1924929370027031,0.1909798734251871,0.05256940518609702,0.8054656861549305,0.8068470633205663,-0.0109651492732293
SYN056,SYN065,1213,0.37513217788052633,0.39112126183168855,-0.6518934918279861,1.6496370484584684,1.7159199148895736,-0.5063227428993049
SYN056,SYN067,2336,0.13865451160230774,0.12528034900098076,0.6574474902365193,0.6080091411777819,0.5494781607255067,0.6408821978063318
SYN056,SYN068,1123,0.1445710126222764,0.13172940152845136,0.438130935812759,0.6327682710136022,0.5861750663422514,0.35388274228274313
SYN056,SYN074,2336,0.2476282359082202,0.25484826385621784,-0.3722332306722426,1.0562875185967917,1.089085025689445,-0.36611557517692656
SYN056,SYN076,1213,0.06700310087830635,0.09933843510680743,-1.1327232824141804,0.2879704658481366,0.4254792098492342,-1.1103956018304726
SYN056,SYN077,2336,0.1431266673628899,0.15466614126658884,-0.5700139164157426,0.6226120386322355,0.6757962998962416,-0.5870119399560774
SYN056,SYN078,1123,0.12368590466573318,0.13923171975580664,-0.5294230772878404,0.5196901873409343,0.5892092254778613,-0.5523447992722291
SYN056,SYN079,1213,0.11658224381822353,0.10549720659541523,0.3904115227337669,0.4998833850118712,0.4477491952119825,0.42134983176377694
SYN056,SYN087,2336,0.17600479904104196,0.13592387787027194,1.9845195326794791,0.7701529351061667,0.5892643163192682,1.9787904638867433
SYN056,SYN088,1213,0.14112075631524112,0.16232542990089796,-0.7550170949729108,0.6026709128235584,0.690218433417731,-0.7095747354837805
SYN056,SYN091,1213,0.1583561299483481,0.1340512436163274,0.8639606449012921,0.6725567037571961,0.5639404250090859,0.8846173904728428
SYN056,SYN092,1123,0.1336991501821591,0.10994498670026213,0.806982716871357,0.5571161728961757,0.46160288387415693,0.7643931315727491
SYN056,SYN095,1213,0.16818851440152544,0.16221895049195598,0.2134786266245685,0.7315694936009712,0.6972347840396085,0.27238035146486883
SYN057,SYN058,2314,0.11106293827161191,0.11246451677587592,-0.0682301728780791,0.45313361125993096,0.4593931617341985,-0.07359491849077568
SYN057,SYN060,1177,0.0846267110052016,0.0752157605553554,0.32452918245562284,0.34075175025236076,0.3024649963929026,0.3255354889713117
SYN057,SYN065,1137,0.06672360980500518,0.09589154853796833,-0.9888370020885091,0.2698019209418632,0.38999307883403267,-1.0005874694372874
SYN057,SYN066,1177,0.08246716881691875,0.10597242183418612,-0.8126293152172761,0.3464416257848946,0.44233523565893673,-0.7811462751585388
SYN057,SYN069,1177,0.09601531563646046,0.1074920939892636,-0.3973553887563957,0.40771066466715106,0.45999548206233387,-0.4209761732102047
SYN057,SYN071,1177,0.11466178096567003,0.07877389837340272,1.2414018258532777,0.4613231983808869,0.3171830393599684,1.2252556021976737
SYN057,SYN072,2314,0.1030497526835847,0.11716437546892033,-0.6868695760366411,0.41408239396234664,0.4717009496407095,-0.6882268116417753
SYN057,SYN073,2314,0.12970178001232546,0.10802639148299661,1.0569753612955377,0.521704304697152,0.4343151804716703,1.0416834611690864
SYN057,SYN075,1177,0.13742145889554563,0.11425414347716595,0.8066087335652989,0.5617145843869351,0.4651856555299776,0.8065095572800925
SYN057,SYN076,1137,0.08997283719534958,0.07846910897701138,0.39015897748562073,0.36361103629181296,0.3177769294725444,0.3815091265556788
SYN057,SYN079,1137,0.049839056527078894,0.08909052201867779,-1.3283735753352954,0.1999216727922902,0.35868250196705187,-1.3327473592126309
SYN057,SYN082,2314,0.10862776623643525,0.11740194901719118,-0.42726007403811933,0.43587670600043066,0.4718120370007562,-0.4297674415323659
SYN057,SYN088,1137,0.13452468343946059,0.11265305801313183,0.747981656438505,0.5408935892724246,0.45281815642393275,0.7357164930769287
SYN057,SYN089,1177,0.09620894273696395,0.11066561276220936,-0.5007050411824111,0.3854981904087282,0.4458370535072455,-0.5153928626346129
SYN057,SYN091,1137,0.09256910742742058,0.09210113987161789,0.015894279711043777,0.37073292508280214,0.3696971279628958,0.008700716628079015
SYN057,SYN093,1177,0.10477434265814717,0.10410248501485755,0.02327417885849008,0.4236515255306802,0.4223852147477862,0.010714003778438806
SYN057,SYN094,2314,0.06572939309960064,0.0798997483583698,-0.684852288791045,0.2630759635856907,0.32029735944111276,-0.6869386286830087
SYN057,SYN095,1137,0.10618735976692206,0.11554142579402014,-0.3189196472277015,0.42718749981493576,0.466445773357633,-0.3281172145115307
SYN058,SYN060,1177,0.12376045213584909,0.11954445771055815,0.14662568888985678,0.5086060985278438,0.4920558354540241,0.13758126572902923
SYN058,SYN065,1137,0.327124678113756,0.29232933632533875,1.2962686735828217,1.38005263121247,1.2249670942873785,1.2118958111083897
SYN058,SYN066,1177,0.1539619641058408,0.1684276753556055,-0.5088810186908178,0.6720076079854981,0.7343467027799839,-0.4858722958871795
SYN058,SYN069,1177,0.3389832353565508,0.32769407706102965,0.43516870049188,1.480947658581522,1.4358645186119572,0.3436466897818541
SYN058,SYN071,1177,0.196645183894721,0.2356177401031654,-1.4010000964293525,0.8053431222403775,0.9749611029364932,-1.4095368905205896
SYN058,SYN072,2314,0.19773863619832083,0.180301917533421,0.869317814841019,0.8205470091364252,0.7466595635090317,0.849271896329068
SYN058,SYN073,2314,0.18346529453707364,0.17796756671383657,0.27321506312328214,0.7532635810729066,0.7307183562202875,0.2623369870209616
SYN058,SYN075,1177,0.13853830783979248,0.13249973429928621,0.2107754366570276,0.5690758898683281,0.5451025345614893,0.19934668907840972
SYN058,SYN076,1137,0.06941879492925525,0.11625098564652123,-1.5910835387276712,0.28659313129431824,0.48296234475582767,-1.5995671882767843
SYN058,SYN079,1137,0.11384250800975339,0.11903862400522194,-0.17738424067407405,0.46933282066141974,0.49024979061126284,-0.17041667980536343
SYN058,SYN082,2314,0.3398682576981596,0.3436493305596299,-0.20580522608129004,1.4482368629271072,1.4676041359217,-0.21321150932774732
SYN058,SYN088,1137,0.20856551650187938,0.21194657994577976,-0.11912332035571226,0.8674031033048718,0.8797422346101155,-0.09904567308905834
SYN058,SYN089,1177,0.17676872483261555,0.16173166294629002,0.5304308259199195,0.7244597998240497,0.6692764620918702,0.4587708467995043
SYN058,SYN091,1137,0.12979141462023056,0.15058277688756413,-0.7142111592126131,0.532234517225337,0.6165261161044001,-0.6901506892906759
SYN058,SYN093,1177,0.18508824462912757,0.1687502051051443,0.5779045821167215,0.7719141163211402,0.7078596317390281,0.5224813837918698
SYN058,SYN094,2314,0.07455613257168901,0.13130131350821936,-2.7578931495802883,0.30344313559782515,0.5374357842712723,-2.7613851465605808
SYN058,SYN095,1137,0.23622848433453422,0.25340262935201935,-0.6152305075000106,0.9957727885126485,1.072721192765823,-0.6072993093981068
SYN059,SYN061,1159,0.21302774515591658,0.21383684881709294,-0.02882248706084567,0.8648222546133538,0.871715470701456,-0.05730559316368296
SYN059,SYN062,1123,0.13262164793101092,0.12321080772677415,0.32018857820366536,0.5402914856690747,0.4980518676682257,0.3460182876854715
SYN059,SYN063,1123,0.08909558767571599,0.10830930791291465,-0.6493610184533942,0.39201340918602817,0.47774639591610074,-0.6503304337128587
SYN059,SYN064,2282,0.15970193163851848,0.16423098621852064,-0.22203711132272042,0.6474757591746885,0.6661097624173318,-0.21847554721179704
SYN059,SYN067,1123,0.12621645532629724,0.11721205886634384,0.30587832601787096,0.5209396815233498,0.4832061006314172,0.3050257302879188
SYN059,SYN068,2282,0.1229396503823851,0.13386590978733734,-0.5303570833139962,0.5114728679473812,0.5582608906521703,-0.5351832972538756
SYN059,SYN074,1123,0.09748910257627402,0.115618494224813,-0.613710971383894,0.3923911532139056,0.4658135264347636,-0.6097851924426271
SYN059,SYN077,1123,0.1060897795612947,0.13382568119252547,-0.9418376246885364,0.4307791526636204,0.5480333564005768,-0.9646778994080976
SYN059,SYN078,2282,0.11675501333549256,0.11851033163477014,-0.08497274624909135,0.4775380399608139,0.48530569031842563,-0.09044469988006845
SYN059,SYN083,1159,0.11783241216589069,0.13596579939933387,-0.6266445590418964,0.4830772022177775,0.5528529894486444,-0.5773116827498173
SYN059,SYN085,1159,0.10976389194098816,0.11066434894382894,-0.030992004898649422,0.44024875950843184,0.44492208222442065,-0.03955247658209366
SYN059,SYN087,1123,0.12525655294141344,0.12720239803028566,-0.06617487696008283,0.5099679052675417,0.5195387158030543,-0.07846486997670656
SYN059,SYN090,1159,0.15688094198311606,0.13270119962549964,0.8397607879730066,0.6466728486826081,0.5474901964724286,0.8143228539853447
SYN059,SYN092,2282,0.11128127317507153,0.10259652126627955,0.4193992464044104,0.44687928487994705,0.4121736356565838,0.4118083429138719
SYN059,SYN096,1159,0.1291486562957527,0.11536787798121918,0.4756642408036963,0.5196901928234952,0.4650269929451713,0.46074965369107135
SYN060,SYN066,2274,0.3690538023840592,0.36296828205742004,0.3348674121150166,1.6107040654739895,1.5809485185248902,0.31448378199574567
SYN060,SYN069,2274,0.11725533917503433,0.10163607230541775,0.7533765997637437,0.5085541197747079,0.4387444254011139,0.7639871295072114
SYN060,SYN070,1097,0.13439468468216112,0.09409862328864906,1.3506406801746949,0.547913357800556,0.3836060727909456,1.3288840103731374
SYN060,SYN071,2274,0.11437388286405979,0.08404617036239216,1.459751586617382,0.46402406549557523,0.34011411236362515,1.4522006314993687
SYN060,SYN072,1177,0.2488540725342305,0.21861143678641243,1.096214253308358,1.0206273338893372,0.8919992178146563,1.0631297920516913
SYN060,SYN073,1177,0.11743587668871891,0.10827213292661682,0.31803647639452176,0.4744094946318454,0.43719589154290767,0.31498068382712796
SYN060,SYN075,2274,0.11003272107919379,0.08113287842264195,1.3900219576070774,0.45048834425653184,0.33134579131670444,1.383636131829784
SYN060,SYN080,1097,0.17121110778485193,0.16668454920718365,0.15411831132304912,0.6916577544864464,0.6754503477759474,0.13209194883086434
SYN060,SYN081,1097,0.06590846975040258,0.1017356794481067,-1.1935261685876595,0.2665582897912232,0.4128564037159044,-1.1957426306647294
SYN060,SYN082,1177,0.1374500290583292,0.14111709521588126,-0.12813311985329154,0.555623759240562,0.5701984514551678,-0.12317959893370634
SYN060,SYN084,1097,0.03126526152627196,0.0782365011170753,-1.5585673580711261,0.1254399151384437,0.3155113611190995,-1.5669582864423803
SYN060,SYN086,1097,0.2541710673302165,0.2063984090577137,1.6690107572456505,1.0398821329116694,0.8408542165630346,1.591559521459528
SYN060,SYN089,2274,0.13024076953036048,0.1212344592194309,0.436093563611087,0.5260848141928861,0.48982206269208095,0.4266597337297297
SYN060,SYN093,2274,0.1126431864160165,0.11066495867967477,0.09546259272131082,0.45686907854807723,0.4496720570642373,0.08439132048032957
SYN060,SYN094,1177,0.14819568962801094,0.13279841559860006,0.5382026206758622,0.5997637278199895,0.5361785693189431,0.5364664722359556
SYN061,SYN064,1159,0.18503795339605134,0.19161592472307445,-0.23187593637826193,0.7530805000613415,0.780728650646092,-0.22966159264649694
SYN061,SYN068,1159,0.15364678567239867,0.14411738915147207,0.33134680880351275,0.6469592261847837,0.6061780621826268,0.32754192457304204
SYN061,SYN070,1094,0.09949320878311425,0.12296812972988393,-0.7851351880852545,0.40345397325665844,0.49991641036099776,-0.7848168521803164
SYN061,SYN078,1159,0.07324693682561183,0.12293613678265505,-1.7062146769227806,0.2979623705201149,0.5039243727085263,-1.720699828449086
SYN061,SYN080,1094,0.17123856005163496,0.12810170592046863,1.4577242638453836,0.6942723450559235,0.5172205602606329,1.435572124671307
SYN061,SYN081,1094,0.10921511949954801,0.1236981395379772,-0.4849644416091594,0.44053976320064364,0.5009416029846516,-0.4938443223040648
SYN061,SYN083,2253,0.11868599850111114,0.13552165314475728,-0.8117192867507657,0.4816649325079207,0.5516418684848235,-0.8160307119839147
SYN061,SYN084,1094,0.19586620794834228,0.1402642854212055,1.8904900546868366,0.7959763123718175,0.5671804942353754,1.847926524676236
SYN061,SYN085,2253,0.18213248223001982,0.17152612850816565,0.5193483255118323,0.7391788191849626,0.6963031331477794,0.4983097787918795
SYN061,SYN086,1094,0.18261245240671353,0.15503103825431583,0.9378170364662226,0.7459265061408421,0.6301833797102084,0.9304840664109102
SYN061,SYN090,2253,0.1940646734095862,0.14522146753251228,2.386034520666211,0.814961677229592,0.6039993265440723,2.3632757588557363
SYN061,SYN092,1159,0.11274616325117463,0.13122433954310983,-0.6377674737753009,0.4529432753936853,0.5298237883109735,-0.6495542062446904
SYN061,SYN096,2253,0.07805612457581883,0.12666762575153576,-2.3307459147677907,0.31436966368980873,0.5131429704518647,-2.3389553929468994
SYN062,SYN063,2336,0.15041963204303427,0.12748582519716278,1.1295924098191863,0.6754031794089579,0.5718656050228708,1.105189288509897
SYN062,SYN064,1123,0.18649947700309435,0.20372803633760686,-0.5994143834854249,0.7644234925418646,0.8323733297934011,-0.5514548085697754
SYN062,SYN065,1213,0.2532600661603269,0.2968899227907635,-1.6422778488137646,1.050056721353207,1.2389318893089871,-1.5655850983286388
SYN062,SYN067,2336,0.15696126189978352,0.1379648373309615,0.937976277139232,0.6550601192761951,0.5756378099017502,0.9143242755871529
SYN062,SYN068,1123,0.1445728076744371,0.14480494922180454,-0.007935061662506316,0.6142149975657741,0.6112974608914842,0.022859397844226647
SYN062,SYN074,2336,0.2332973733682271,0.21475626468944997,0.9429122811908752,0.9556150522180952,0.8775463828749568,0.9117831154961852
SYN062,SYN076,1213,0.09048165091501045,0.11252784835480091,-0.774894774705281,0.3674363166940822,0.46103891969249106,-0.8007482531543911
SYN062,SYN077,2336,0.1922943092903605,0.1680356880037904,1.211097942651662,0.8017186285954419,0.6978821318838127,1.1936859221787557
SYN062,SYN078,1123,0.14295225521182403,0.14264039035448467,0.010654242913946127,0.5907160242704443,0.5859939368462853,0.03811190309256757
SYN062,SYN079,1213,0.14537693061691434,0.13593108079193844,0.33520871039102373,0.5884431760291858,0.5539220494954363,0.2956611489544488
SYN062,SYN087,2336,0.2542616517591376,0.2328840935164832,1.0977391483803025,1.0720382000406927,0.977858092851634,1.0639590822116587
SYN062,SYN088,1213,0.1540205128645254,0.18009759137790862,-0.9331958583080486,0.6213934310798592,0.7342698861413509,-0.9696387448849261
SYN062,SYN091,1213,0.12400477792796409,0.14337521650418264,-0.6860872191156523,0.4997144159353402,0.5805825129958232,-0.696513793617719
SYN062,SYN092,1123,0.13745027206989485,0.12108772248203384,0.5569152345762287,0.5604376645387021,0.48937162132773315,0.5814786644879331
SYN062,SYN095,1213,0.2096217750323882,0.1756260974789315,1.2282510312400154,0.8576354702265956,0.7204701159675986,1.157225737062528
SYN063,SYN064,1123,0.12061947027820687,0.14008904786512666,-0.6628625950577561,0.5382132662067312,0.6297797926392706,-0.6831555158645809
SYN063,SYN065,1213,0.13192294258096204,0.1033482036102761,1.0079950516387006,0.5954072000348811,0.4669831896303803,0.9830494643346195
SYN063,SYN067,2336,0.3175088577992109,0.3091846946817856,0.4458461979337671,1.4134016727872727,1.380482513594524,0.347117748604179
SYN063,SYN068,1123,0.13846599928089318,0.12705440310051586,0.3887616048478616,0.6110895408534928,0.5620249254347328,0.3703850769798676
SYN063,SYN074,2336,0.06360636396455506,0.09078567545516664,-1.3207455734570779,0.27843053549678,0.4014610984158642,-1.3554003067682214
SYN063,SYN076,1213,0.08455535307698159,0.0962352994912236,-0.4096396750986727,0.36654581423364213,0.4214946830479861,-0.44060768973524467
SYN063,SYN077,2336,0.11192682169914615,0.12583248989095025,-0.681299595925603,0.4885978621636994,0.5520218273289799,-0.6996329780434357
SYN063,SYN078,1123,0.07020767830270486,0.07624114905302769,-0.20300767056405467,0.31710570098264046,0.34493084900436355,-0.20533963015299797
SYN063,SYN079,1213,0.17584833401796415,0.1577954282393109,0.6459678484331369,0.7645971556579312,0.6929829972459003,0.5682801598560286
SYN063,SYN087,2336,0.10967168803759703,0.12338468667108811,-0.6714824899003652,0.47832115799957514,0.5409338771807443,-0.6913994674708853
SYN063,SYN088,1213,0.11555076678029887,0.13228409715734657,-0.5911620667629915,0.5006192041317887,0.581167713041501,-0.6445014143142888
SYN063,SYN091,1213,0.08705892323531912,0.1118290714428301,-0.8702835555890045,0.37999847747030047,0.4936168172592717,-0.9029998649764445
SYN063,SYN092,1123,0.0008416598189119209,0.07989970776635198,-2.651500373319104,0.00361842640780081,0.3508133754364469,-2.6638961909731336
SYN063,SYN095,1213,0.1293524444457114,0.13147386451083246,-0.07507051071190154,0.5597546074435967,0.575837802584132,-0.12877072868744152
SYN064,SYN067,1123,0.11806583791003024,0.15160401300043208,-1.1433029027710928,0.4897181165724568,0.6334518649236511,-1.1562892730473928
SYN064,SYN068,2282,0.1469033142574209,0.1759702326310227,-1.4248676547585126,0.6207310270373697,0.7468598710828557,-1.417701034256132
SYN064,SYN074,1123,0.1795281609931358,0.16645281586886493,0.451091187457905,0.7292481430772833,0.6758614875820182,0.43754831827002205
SYN064,SYN077,1123,0.23185458411648338,0.27508535155296054,-1.5464393915760564,0.9656701933164809,1.1696320313796973,-1.6213490336703742
SYN064,SYN078,2282,0.14627374880644992,0.15744097756834535,-0.5457013555107229,0.6005597925048658,0.6473873964985564,-0.5423730453770323
SYN064,SYN083,1159,0.26110057765288514,0.27320714363589144,-0.4432667989122051,1.088671815186574,1.1324132482391671,-0.35200023075825154
SYN064,SYN085,1159,0.131378641201939,0.1399327916779,-0.29629563089823396,0.532573726230113,0.5668714016048176,-0.2868754667841421
SYN064,SYN087,1123,0.16589271015385504,0.1873858310566252,-0.7424966291787959,0.6829856552264155,0.7785047897497208,-0.7724084844044146
SYN064,SYN090,1159,0.23508821793551582,0.24483046568219474,-0.35147816630411266,1.0031847165747734,1.04322361900327,-0.31485039570655016
SYN064,SYN092,2282,0.13653431128995666,0.16459979557965657,-1.3709939725338909,0.552274905814438,0.6676343617266763,-1.3573301726392537
SYN064,SYN096,1159,0.20631933750448953,0.20105682760326055,0.18667058722494106,0.8477170972069334,0.8239820017755543,0.19488964837903736
SYN065,SYN067,1213,0.09094613691540276,0.1118431643477821,-0.7344832029730418,0.37881275507296336,0.4697619519683401,-0.757911879242741
SYN065,SYN072,1137,0.13700485449249325,0.13932664192737917,-0.07970763733138155,0.5594189649152508,0.5714733389241168,-0.09908810139293643
SYN065,SYN073,1137,0.16240588177142667,0.14274791475480197,0.6777828949805867,0.6613711423087516,0.5822625913380636,0.6513212656460252
SYN065,SYN074,1213,0.2630886914042736,0.22751402343231622,1.3168816299161348,1.0926432602937979,0.9376141909154713,1.2815671242018882
SYN065,SYN076,2350,0.10400179574713882,0.0886837002953688,0.749066065389359,0.4294845752653432,0.3657622853715164,0.7458573568001221
SYN065,SYN077,1213,0.1019515886185592,0.13807712697688115,-1.2751420511239429,0.4259012739117036,0.5768666205686251,-1.2537831526531178
SYN065,SYN079,2350,0.09089835094215504,0.09418190090922035,-0.16044853444696455,0.3716516622175222,0.3854811654501541,-0.16360896387638957
SYN065,SYN082,1137,0.2092195482346548,0.1624384580064047,1.6320481743052164,0.8588405764661958,0.6652543148605797,1.575651417624908
SYN065,SYN087,1213,0.09209401238383068,0.12134510106859367,-1.0293002517219056,0.3817826166129999,0.5043968491759393,-1.0267517922924756
SYN065,SYN088,2350,0.12035852651169578,0.14491490388559178,-1.2110246447584254,0.49112030589073546,0.5933199688336565,-1.2102301864574712
SYN065,SYN091,2350,0.11187338546049388,0.11967331980124117,-0.3830101301488823,0.45506335185671914,0.4871959612044735,-0.38189934184184404
SYN065,SYN094,1137,0.12328064467949615,0.106232463665549,0.5817723132404301,0.5006046413248997,0.4324762644311309,0.5636287024483079
SYN065,SYN095,2350,0.1460322306534245,0.14481984513033688,0.060004060214293345,0.6016694536907357,0.5972561338805078,0.05167666046981984
SYN066,SYN069,2274,0.12677671850154737,0.14319632811520858,-0.7970186656937543,0.5829591122404275,0.6609336893098646,-0.8026602820564377
SYN066,SYN070,1097,0.16128135354734285,0.13257672231901635,0.9704476144899863,0.6866223248197831,0.5672176957181486,0.9216164185352698
SYN066,SYN071,2274,0.12206015896070926,0.11841369619119212,0.17632149291972538,0.5167661209747497,0.5004839594483649,0.18260139745606316
SYN066,SYN072,1177,0.30321263297742973,0.308004376022464,-0.18109710190629355,1.3154672333957789,1.3245446512301018,-0.0700824514805522
SYN066,SYN073,1177,0.1405103904761271,0.1525459565743858,-0.42143682178866976,0.595601868127796,0.6438203701869413,-0.38795876180625666
SYN066,SYN075,2274,0.13133996327007502,0.11430912289317824,0.8240576363856879,0.5644715470222499,0.48916363636875093,0.8310795506242004
SYN066,SYN080,1097,0.2669013339032925,0.2348439373796536,1.1316666571776262,1.1315452311699443,1.000171970164901,1.009040574920586
SYN066,SYN081,1097,0.12095691508803703,0.1433366658591172,-0.7534156802570385,0.5094133157558408,0.6098498371143121,-0.7859189202855844
SYN066,SYN082,1177,0.1860487547269895,0.1988216330170138,-0.4544830886690364,0.7911248490306168,0.8398430647128687,-0.3893964195723943
SYN066,SYN084,1097,0.11623239243776219,0.11022838083393102,0.20116652737248683,0.48446618092001686,0.463061243427944,0.1693590063952526
SYN066,SYN086,1097,0.2881214026701331,0.29079728914622704,-0.09660067170272343,1.2208028888243505,1.2444924964024113,-0.18167221157353672
SYN066,SYN089,2274,0.16619983338552338,0.17080873952987358,-0.2260564954765814,0.6964455344902176,0.7156875481434065,-0.21754186078301765
SYN066,SYN093,2274,0.1593811578489696,0.15591723857973233,0.16928046785129852,0.6680894501883023,0.6535046699546518,0.16492723412600965
SYN066,SYN094,1177,0.19622627776548757,0.1871013416977868,0.3245799664385369,0.8365454859875864,0.7888726704145511,0.37966314519958233
SYN067,SYN068,1123,0.14802834988331465,0.1374979534300042,0.3597502562878975,0.6185229060505896,0.5766895849146914,0.33373452351278593
SYN067,SYN074,2336,0.10937834854081303,0.09824802817711424,0.5434700766527907,0.4508228108050855,0.4057495588816743,0.5269415748875804
SYN067,SYN076,1213,0.040212096760049255,0.1041455975146194,-2.236359189087799,0.16503874697177662,0.4295645754274319,-2.2445148760761002
SYN067,SYN077,2336,0.169882370453817,0.13617560204756893,1.6672927581630608,0.7028221328098114,0.5639762506205064,1.6120662338525358
SYN067,SYN078,1123,0.060791898822475654,0.08250797852042803,-0.7305387122781135,0.2552752466834535,0.34749138560997245,-0.7335266126826415
SYN067,SYN079,1213,0.1815561432274312,0.1707658130222511,0.38736751787539975,0.7452201658721945,0.7049101413956069,0.33962147095724793
SYN067,SYN087,2336,0.1568885355138761,0.13352659559901478,1.1527717150471963,0.6476417648935744,0.5522903151791312,1.110515732067586
SYN067,SYN088,1213,0.14601242739842712,0.143157515100687,0.10142870210766096,0.5971888757240155,0.5894478760159201,0.0655957175736291
SYN067,SYN091,1213,0.09635797045400264,0.12102113804904753,-0.8682122945761359,0.39512121894314783,0.49915987947836915,-0.8810042542322721
SYN067,SYN092,1123,0.07208713096684766,0.08646726149929186,-0.4843035594342786,0.2954317089845013,0.3552765091357171,-0.48832079977661397
SYN067,SYN095,1213,0.19274936006639165,0.14228068338152383,1.806681320664951,0.7924827951947445,0.5860339487690865,1.7350577979845283
SYN068,SYN074,1123,0.1352522795361682,0.12020766678540097,0.5118501467003969,0.5647330912949973,0.5026873691134833,0.4953078871786278
SYN068,SYN077,1123,0.17940560418365414,0.1667440265854787,0.43682916100785607,0.744668465405824,0.6966536724453408,0.3847981520830224
SYN068,SYN078,2282,0.09752222563966857,0.11690858507515729,-0.936276270070124,0.41573803888848887,0.5009293979548224,-0.9513880755540285
SYN068,SYN083,1159,0.13865769840898803,0.13625195097165219,0.08337064690883333,0.602399232443282,0.5789510142451687,0.18242184303488038
SYN068,SYN085,1159,0.13817343687088576,0.14347469143750033,-0.1838899184419901,0.576594097137182,0.5964067929044177,-0.16081107864857913
SYN068,SYN087,1123,0.20049567732104195,0.16217891440414292,1.3261154339979095,0.8340515971842616,0.6767581152564947,1.2556449973036825
SYN068,SYN090,1159,0.26635460608241307,0.27691374449957795,-0.387615730511777,1.1308826100671687,1.17400119463142,-0.3399968514439243
SYN068,SYN092,2282,0.12468350251918539,0.11757100808090955,0.3445999134256093,0.519072084351799,0.48906731928992253,0.34294173538467554
SYN068,SYN096,1159,0.1221743336169598,0.1298902226707878,-0.26657596441446335,0.5086287966615409,0.5386369619535681,-0.2444065526419199
SYN069,SYN070,1097,0.0978355671059944,0.11636180208072576,-0.6198964953458515,0.4218385116334678,0.49738548042906783,-0.5787079280490826
SYN069,SYN071,2274,0.24538310688460513,0.22716932407860424,0.9193325031910666,1.064473109438979,0.9811581898029849,0.9011241056423175
SYN069,SYN072,1177,0.20269175791687796,0.15618177741009565,1.6469680584597381,0.8837995154013679,0.6788537418987681,1.5922138538409438
SYN069,SYN073,1177,0.19065218914772372,0.1600169410500139,1.0830678008563526,0.8177432999001267,0.6864574611571475,1.0393937696473805
SYN069,SYN075,2274,0.1600548330604916,0.12727850945224653,1.5950325330908472,0.6868303671978878,0.54479550450757,1.5675554150673399
SYN069,SYN080,1097,0.18034246347663851,0.22871429042724328,-1.6701799823671672,0.7888275392586293,1.0005083826848966,-1.5860208320992115
SYN069,SYN081,1097,0.10303692626269875,0.1353126717151309,-1.0830231560544337,0.443927689088306,0.5780800170193596,-1.0280166192948428
SYN069,SYN082,1177,0.23296622646621537,0.1820895611940388,1.8221624594272512,1.0146407109655518,0.7890977774311786,1.748721937813823
SYN069,SYN084,1097,0.14606637003799838,0.12029994927265301,0.8676838903653047,0.6302556633494026,0.5135866454667583,0.8896661274130826
SYN069,SYN086,1097,0.21848670675000287,0.15073822657622377,2.3209416934852314,0.9752868978284622,0.655022893254292,2.33771535467341
SYN069,SYN089,2274,0.17289009745529854,0.1408835883714264,1.5639108050022659,0.7572581067432781,0.612245702327891,1.5641200067815189
SYN069,SYN093,2274,0.15391067557475757,0.13799575102179013,0.7749519644298772,0.6806111540549717,0.6083702330024218,0.7727119365861685
SYN069,SYN094,1177,0.1029077855455941,0.11908400837355117,-0.5611836581652808,0.4371514304628403,0.5105371022774932,-0.590453901661392
SYN070,SYN071,1097,0.12309352251864773,0.09500921672878196,0.940152508776922,0.5010123523115588,0.3858562611298507,0.9337672214675324
SYN070,SYN075,1097,0.17558976129846998,0.09971449432979783,2.559445413262901,0.7188464167842029,0.4077476918163738,2.5003200520254016
SYN070,SYN080,2191,0.13224995240846588,0.10906903514022574,1.1003843992841496,0.5372676116629361,0.44261305300911885,1.0866047967476418
SYN070,SYN081,2191,0.15803279916417887,0.13549724605528454,1.0773808002192602,0.6441182710100049,0.5519958078666976,1.052675861219238
SYN070,SYN083,1094,0.15073962395532306,0.11812196775928133,1.0973051752389302,0.6124291894505923,0.4824800318287037,1.0526840194741833
SYN070,SYN084,2191,0.08147697031120076,0.11457971647766023,-1.563589854423237,0.3297190827437748,0.46508587200850454,-1.5632691832715586
SYN070,SYN085,1094,0.12483102398113081,0.10615970165952923,0.6250763215287756,0.5068294412881669,0.43105712660399187,0.6148883898881602
SYN070,SYN086,2191,0.1421870014593238,0.13303460506090292,0.4363799558713476,0.581078244015446,0.543604416177586,0.42733944429125725
SYN070,SYN089,1097,0.10940752691798813,0.11318456535004173,-0.12649510863050745,0.448334601450918,0.4620465416449594,-0.11042473499288837
SYN070,SYN090,1094,0.15969571289478438,0.15045485269029277,0.3127518942553543,0.676413203424516,0.6329811710454339,0.336599530177312
SYN070,SYN093,1097,0.242721072166131,0.23588190125793657,0.2399522416600539,1.0215518672480606,0.9956134368426696,0.20128562804287192
SYN070,SYN096,1094,0.16467998246504323,0.12827419664604653,1.2290103744251772,0.6745044378885214,0.5237339762405289,1.2099307485557342
SYN071,SYN072,1177,0.14336288324751462,0.1266266714456846,0.584103369343696,0.5799404907578661,0.5133277222328994,0.5623734877983687
SYN071,SYN073,1177,0.11188227508026084,0.12478132542195688,-0.44825215812841374,0.44985254621504717,0.504041284698453,-0.46099529467063866
SYN071,SYN075,2274,0.06714680374202361,0.09272978031839224,-1.2270667773500143,0.27304782626436913,0.3774737836499815,-1.223227266552744
SYN071,SYN080,1097,0.11178639668464217,0.14036657957052395,-0.9606481122073851,0.451887557411106,0.5678528376760463,-0.9471160556877345
SYN071,SYN081,1097,0.08062604188627645,0.10301364258271975,-0.746813462523565,0.32720322364085935,0.41687753877273553,-0.7305401827177851
SYN071,SYN082,1177,0.24483085655084125,0.24313978087938495,0.06161007589720028,1.001810620405749,0.9981541439728976,0.030305308274314872
SYN071,SYN084,1097,0.10792425180674052,0.09035341142212486,0.5869518948604838,0.4363598998117833,0.36432580556563243,0.588389481614038
SYN071,SYN086,1097,0.19055423337634844,0.11811436185966974,2.455668300850486,0.7804730261593329,0.4786266541634918,2.421817592623219
SYN071,SYN089,2274,0.10049230157324801,0.11353225881904962,-0.6286274239802189,0.40658868080278693,0.46037513646987527,-0.6324624167352978
SYN071,SYN093,2274,0.10969602331961968,0.11871587607348731,-0.4355248340932075,0.44770205427134907,0.48612600467677425,-0.4476661944417418
SYN071,SYN094,1177,0.12127963860213692,0.09204504819798609,1.0132882793646547,0.4881523945255826,0.37095707529950694,0.9955361092597297
SYN072,SYN073,2314,0.27934099171406807,0.27320538511064,0.31933103872787816,1.1521982320062027,1.1273639421993717,0.2854271390260664
SYN072,SYN075,1177,0.1182371746486035,0.13078170929031757,-0.4365964297826625,0.48412444954377404,0.5356333778409871,-0.4299503165791089
SYN072,SYN076,1137,0.21541678249119328,0.20553686575249333,0.34813110783085016,0.8811793343947302,0.842132701403636,0.31888213694155404
SYN072,SYN079,1137,0.11727006042187631,0.1326033225968472,-0.5245449674561301,0.4725376346516533,0.5359577344668082,-0.5290118151528495
SYN072,SYN082,2314,0.22251575968637863,0.20890114425606496,0.6864466494936582,0.9060797320930735,0.8496657414393132,0.6604296088355505
SYN072,SYN088,1137,0.2490391116192298,0.2853277508489381,-1.316162660896098,1.0174678326785198,1.175861858253347,-1.2920109260877324
SYN072,SYN089,1177,0.1954038205748558,0.17912769117529545,0.577963034500964,0.7918088551094614,0.726877925780523,0.5456626285014488
SYN072,SYN091,1137,0.18294707485863004,0.1955313547595571,-0.4395211395277011,0.7401397016652289,0.7952025377056352,-0.45589688569850084
SYN072,SYN093,1177,0.20230022792746571,0.18421616410241687,0.6436878258311374,0.8260655874203616,0.7528872081997928,0.609764623397301
SYN072,SYN094,2314,0.13199109716726704,0.1583121427563088,-1.2926437350838604,0.5315767205791566,0.6398002709094284,-1.2882577467777223
SYN072,SYN095,1137,0.14230277035811803,0.19694822779364368,-1.8952402557503485,0.5744340845954523,0.8020334602675414,-1.8929277870622168
SYN073,SYN075,1177,0.13562205494618512,0.1290950098416416,0.22762925993317423,0.5533809466983494,0.525771867095934,0.23113499527725465
SYN073,SYN076,1137,0.15804418494138092,0.11892239480290007,1.3433704267191018,0.6449726084327205,0.4843968297533716,1.3192731376478928
SYN073,SYN079,1137,0.10614104540020147,0.11439660955014631,-0.28142906667877077,0.42806229572534665,0.4623858888114563,-0.28613206806167446
SYN073,SYN082,2314,0.2146008644087238,0.19843105179559242,0.8119800115139633,0.8721269375006365,0.8056004812606852,0.7808746908198612
SYN073,SYN088,1137,0.3036059525642355,0.29272099022111087,0.40232280355969496,1.2569024113256022,1.2101675065743351,0.3739736607672106
SYN073,SYN089,1177,0.16822734795935426,0.14986169885585152,0.6456260320678651,0.678704004715292,0.6073258416591132,0.6035408701142155
SYN073,SYN091,1137,0.2601133909324358,0.254058056847433,0.21834480390070868,1.065295686310516,1.0401260697587367,0.20458582917353207
SYN073,SYN093,1177,0.17469984739958114,0.17889190936893637,-0.1482701779822074,0.7125780617812896,0.7344029752220205,-0.18237390503402956
SYN073,SYN094,2314,0.11418589178301822,0.12399872873170577,-0.47852207936428326,0.45873553742608825,0.49920742482032,-0.4833254609624871
SYN073,SYN095,1137,0.19345467912779302,0.17564248342936103,0.6209928220633196,0.7879438992539,0.7155951988497039,0.594378057814755
SYN074,SYN076,1213,0.10788102069937389,0.09569058995693448,0.42848962605326113,0.4389215158392173,0.3898026117413666,0.4191379570418071
SYN074,SYN077,2336,0.11949499986535929,0.1368400249474499,-0.8517996825978468,0.4898260989312652,0.5628176209793776,-0.8577530484518588
SYN074,SYN078,1123,0.2319599914859843,0.2322518926508489,-0.010325128953953497,0.9620473895515581,0.9633200407265838,-0.010164867980721554
SYN074,SYN079,1213,0.007908768575870626,0.09396624836184027,-3.003179924069902,0.031714269313232,0.37992129762987253,-3.0187309907043733
SYN074,SYN087,2336,0.129995078656526,0.13192761371908515,-0.0949725377732349,0.5323002583166438,0.5411715656115988,-0.10431387122359015
SYN074,SYN088,1213,0.12209423392965747,0.1452481137792553,-0.8201018386139818,0.491158208251776,0.5875935414636593,-0.8320801778016695
SYN074,SYN091,1213,0.05326986460075611,0.11775377547767076,-2.260411673008787,0.21392236892239844,0.4745003729175292,-2.257246078749954
SYN074,SYN092,1123,0.16425888399393082,0.1305020348143416,1.1549258211142859,0.6648135827192555,0.5263690757318824,1.1398751886102243
SYN074,SYN095,1213,0.1525531186449254,0.14853102562618326,0.14315320374638565,0.6192511639684127,0.60449381592551,0.12597315770678041
SYN075,SYN080,1097,0.16724705307991855,0.12716786696414228,1.3552109484651955,0.6819727325306835,0.5183271663174285,1.3210899985399591
SYN075,SYN081,1097,0.12203273412632876,0.13323332909822477,-0.37660638007161035,0.497115351701864,0.5439285233924499,-0.379291161101087
SYN075,SYN082,1177,0.20842860142232442,0.13729885564742275,2.513464982818756,0.8606336431353521,0.5604285993822755,2.4707629797234674
SYN075,SYN084,1097,0.12896154149726516,0.12662539144617382,0.07855262443680186,0.5233916570296364,0.5157114405664419,0.06243692430989122
SYN075,SYN086,1097,0.09805266624699893,0.11925002387212408,-0.7095206332834841,0.3982273902712523,0.48800642186227616,-0.7300380992064261
SYN075,SYN089,2274,0.1287764972766298,0.1259285042286581,0.1379587431064018,0.5275153160452013,0.5164416619444534,0.12842525506188301
SYN075,SYN093,2274,0.1588057924266282,0.1120320335775564,2.271097051638363,0.6598280540746362,0.4633969039679673,2.2411255365094362
SYN075,SYN094,1177,0.11899562790951414,0.11612087046367628,0.09988019004068527,0.4853535583906114,0.47295956162556796,0.10387266877826437
SYN076,SYN077,1213,0.14254235866922463,0.16721591165301009,-0.879414888018256,0.5860859733154066,0.6875302075796985,-0.8553238213896941
SYN076,SYN079,2350,0.10670010158079292,0.08766844311199778,0.9308254082264412,0.43298339686790255,0.355856140352773,0.9191310913437063
SYN076,SYN082,1137,0.13450358261907974,0.13646087702936285,-0.06714420998912997,0.545297120518074,0.5549952228827654,-0.08032651062595879
SYN076,SYN087,1213,0.1752818146826772,0.19189066688446332,-0.5979073002195503,0.7195195088811653,0.7897616333526278,-0.5920465080998781
SYN076,SYN088,2350,0.15871359388785755,0.1368677556193121,1.082020579136737,0.6459781832785627,0.5564492980018552,1.061003306059544
SYN076,SYN091,2350,0.15423107492242136,0.13811414489904356,0.7978646101589401,0.6294595942280129,0.5631903004825521,0.7832802706595883
SYN076,SYN094,1137,0.14485628577434462,0.08929631231565338,1.8975016334112795,0.5878830844613497,0.3618267634799512,1.8694058459318041
SYN076,SYN095,2350,0.1419071468937941,0.1285864830258672,0.657365611133088,0.5773958931960291,0.5233981250968357,0.6407268072993201
SYN077,SYN078,1123,0.1289045234279028,0.13016836253814387,-0.04301798104625318,0.5390264853447646,0.5473942759758966,-0.06671400628497585
SYN077,SYN079,1213,0.08048702042145049,0.11801259402411692,-1.3184777045888303,0.3283907190080442,0.48163856749172196,-1.3057795882420484
SYN077,SYN087,2336,0.17499810130151772,0.1667931423431974,0.40823402938344333,0.720030139557342,0.6869823094741876,0.3857576522134044
SYN077,SYN088,1213,0.21957577857297841,0.21292598447016253,0.24266249498141637,0.9078073538905534,0.8774399917071284,0.2531871404580162
SYN077,SYN091,1213,0.16378602034244583,0.19073647294845675,-0.96795375795856,0.6786917956000111,0.7873542763975502,-0.9072685352850366
SYN077,SYN092,1123,0.1712245074133299,0.14768065813199072,0.8085260262889962,0.6989937132068194,0.6055263955794679,0.7623611297647739
SYN077,SYN095,1213,0.28342965583905005,0.25626643495107065,1.0191703885713406,1.1824097369925797,1.0626270534272866,0.9834924148860954
SYN078,SYN083,1159,0.12764080134750944,0.1379209652894497,-0.3558019930923901,0.5280701772039823,0.5681010076000227,-0.3281329464313058
SYN078,SYN085,1159,0.13940258257820942,0.10712308455546672,1.1145397007360252,0.5710009855345813,0.43919463519973784,1.0903069980876965
SYN078,SYN087,1123,0.1400071821035692,0.13543908695404921,0.15583379910275855,0.5872500630193767,0.5687642646631298,0.14682539769189568
SYN078,SYN090,1159,0.13184822544716093,0.1256038126129397,0.21588813531256218,0.5565304224975169,0.5325937659637313,0.1919726121015596
SYN078,SYN092,2282,0.16876759397801624,0.15358764034868122,0.7440179561340587,0.6937840050520468,0.6310921387517708,0.7241531010126109
SYN078,SYN096,1159,0.1298656849250796,0.11831798354294898,0.39876708345141076,0.5331031120018501,0.48751870436642697,0.37637666356232824
SYN079,SYN082,1137,0.13618588656890615,0.13490662738513406,0.04388524693255176,0.549209896141227,0.5450070398144301,0.03499772974851392
SYN079,SYN087,1213,0.1624507397862944,0.139073355492575,0.8321388521411346,0.6630464045633172,0.5675248436458263,0.8104945833920805
SYN079,SYN088,2350,0.11310194748866913,0.1271520433907546,-0.6906471910352256,0.45559169117066606,0.5133410756454496,-0.6931670961734469
SYN079,SYN091,2350,0.10797316312777205,0.10066285564036183,0.35805210737403076,0.43537882509920817,0.4061147854866438,0.35094216057216526
SYN079,SYN094,1137,0.10443275029721483,0.11308546167341828,-0.29486913300783274,0.42005695397795983,0.4560180257971478,-0.30063649547872995
SYN079,SYN095,2350,0.17780437388951054,0.17295950414929348,0.242162996527766,0.7221853390502031,0.7031519466163174,0.2258065062710025
SYN080,SYN081,2191,0.0846229854646219,0.12390052442208566,-1.8576920277671531,0.3408163537522764,0.5010576696890391,-1.8591541383870063
SYN080,SYN083,1094,0.207308991188985,0.19957672744224428,0.2664276365247393,0.8424434056592383,0.8187607421464572,0.19113935730329218
SYN080,SYN084,2191,0.0947533992567024,0.10101480619301988,-0.29571832949265436,0.38046175236534746,0.4062174847614949,-0.29965131154028735
SYN080,SYN085,1094,0.0990515340616119,0.10932020955039319,-0.3429025688990987,0.39700309792310134,0.439135768231741,-0.34680340924487124
SYN080,SYN086,2191,0.1829031350390707,0.1756356076659136,0.3512359108324529,0.7410250341401682,0.7115382012248072,0.3385494497477122
SYN080,SYN089,1097,0.16949258854661722,0.13948669888171444,1.0168171134189028,0.6887194313862609,0.5633627173296828,1.0155808044636492
SYN080,SYN090,1094,0.19242253283025004,0.17405476181494897,0.6277918835152599,0.801825051453664,0.7197982047588491,0.6453443206272866
SYN080,SYN093,1097,0.1338677399494864,0.13150270888911714,0.07962688935254293,0.5426100745787328,0.5348424982012556,0.06320824005290952
SYN080,SYN096,1094,0.11112863618808308,0.14565839380042514,-1.159769527004678,0.4467435509758495,0.588040928283278,-1.1590298972942987
SYN081,SYN083,1094,0.15784660388655647,0.1388300119341561,0.6422774648912858,0.6379906560547948,0.5659029425817479,0.5868546366039287
SYN081,SYN084,2191,0.16526265222881056,0.1356261199851448,1.4184993524887473,0.6700587774106586,0.549102281342475,1.3890899041456826
SYN081,SYN085,1094,0.1441526184352547,0.1157512031096208,0.9542911097982477,0.5818797360841901,0.4681052469760916,0.9280278443832738
SYN081,SYN086,2191,0.11863794574202707,0.13411181671954164,-0.7355698825690788,0.480850851123211,0.545104029972845,-0.7397715643945809
SYN081,SYN089,1097,0.1159100415344399,0.13688697069542258,-0.705118930749957,0.4745041272711443,0.5572450161939224,-0.666850365078018
SYN081,SYN090,1094,0.13964854665243112,0.13549084011208665,0.13997963990293982,0.5821221043174875,0.5644506785547166,0.13944489312435707
SYN081,SYN093,1097,0.09866952693496954,0.12799604885308774,-0.9826904773323393,0.4037164093072414,0.5255709168941286,-0.9832296139853215
SYN081,SYN096,1094,0.1873238671857543,0.1394048040688806,1.6265347682827984,0.7627156348102236,0.5668338414245985,1.5796341614179144
SYN082,SYN088,1137,0.28323508418978854,0.27226340459365217,0.40036149801983334,1.163493647847378,1.1179072953871318,0.36862276475408623
SYN082,SYN089,1177,0.17355165864978608,0.1862628819048847,-0.4501087006645326,0.7003071206330773,0.7561469120804466,-0.47193714751608523
SYN082,SYN091,1137,0.20178551157058786,0.16969318523921653,1.1194357617619008,0.816941506917395,0.685988670071708,1.0821727394618712
SYN082,SYN093,1177,0.2509527381783557,0.20609225877588422,1.6221290220837543,1.033634890298492,0.8456714940944966,1.5460425033425411
SYN082,SYN094,2314,0.12909035243410225,0.1451001583898832,-0.784398067911369,0.5188391719746707,0.584571682181184,-0.7841838323532643
SYN082,SYN095,1137,0.32764973996702973,0.36590400941489837,-1.4646113307463093,1.3639508516497618,1.5437491119981028,-1.4265989458531094
SYN083,SYN084,1094,0.16900871134235437,0.10827004617364304,2.0462245019506167,0.6831514450086885,0.4394642689956912,1.9824503864630854
SYN083,SYN085,2253,0.09401453340398169,0.11307568072637617,-0.9139777727453307,0.3811406621907523,0.45961456825574404,-0.9168460406618613
SYN083,SYN086,1094,0.15069362636850453,0.15367743196491596,-0.10089276383854438,0.6109315244602633,0.6299327985603319,-0.15423893562826224
SYN083,SYN090,2253,0.1291908160732463,0.14459972515923777,-0.7448839593318077,0.5426788400327244,0.608026675219921,-0.7350486553470231
SYN083,SYN092,1159,0.0755736764593332,0.11063030664839428,-1.2024759339741746,0.3088988409882206,0.4489219695376033,-1.16411842617934
SYN083,SYN096,2253,0.23696362597799897,0.2204283260758966,0.8276487224811412,0.983970743810141,0.9133270025211376,0.7981412852897357
SYN084,SYN085,1094,0.07960400051514777,0.09011176529855784,-0.34959520514281367,0.31900636208897526,0.3622725438128892,-0.3563820698438459
SYN084,SYN086,2191,0.13206038059249645,0.11549138435277854,0.7871104289242095,0.5335905149188256,0.4664025358644763,0.7755994849123693
SYN084,SYN089,1097,0.11646737523090653,0.11666388812898441,-0.006589328761385036,0.4731068972695728,0.47167759808851023,0.011612046697965192
SYN084,SYN090,1094,0.12073758436581346,0.12059769121755763,0.004688985960791025,0.5000855613347022,0.49817883177205324,0.01516174500829294
SYN084,SYN093,1097,0.15698658660019507,0.15871434832524717,-0.05860719616960279,0.6418558343770574,0.6506318348504371,-0.07068527227609735
SYN084,SYN096,1094,0.11088826015535255,0.10065825583841705,0.34172634373555133,0.44643367853810145,0.40592406505998996,0.33177841331628327
SYN085,SYN086,1094,0.14574776711642226,0.1400499291768414,0.19212500582891964,0.5878485834722735,0.5651053907695057,0.18566010941828598
SYN085,SYN090,2253,0.16622864671925952,0.13418443033565142,1.5552250175098583,0.6871954337416647,0.5517306240197223,1.5459560009777618
SYN085,SYN092,1159,0.17522629352392766,0.17081136367668365,0.15474012244072433,0.7083137595588856,0.6906507716730097,0.14784443071739106
SYN085,SYN096,2253,0.11047931816938342,0.11418898414543498,-0.178213998048618,0.4443647639462712,0.45968469585694594,-0.18033734101549892
SYN086,SYN089,1097,0.1339378779181993,0.16237106213816926,-0.9616246654627393,0.542317873987128,0.6577971399935443,-0.940801967158737
SYN086,SYN090,1094,0.20199544205999975,0.21118888840583722,-0.3172031565979485,0.8396204220206692,0.8753104691226116,-0.28136567674053486
SYN086,SYN093,1097,0.1842496150065379,0.16593956430443846,0.6247918136230102,0.7506426638836458,0.676864492425844,0.5955940246933159
SYN086,SYN096,1094,0.1212490740403995,0.17353909931785713,-1.7659583562908376,0.4887191127443609,0.7033753921480408,-1.7554729474816846
SYN087,SYN088,1213,0.19381497400581135,0.1864296894252031,0.26653315916636555,0.7939471526090007,0.7640462216148138,0.2522249796289859
SYN087,SYN091,1213,0.12968474952172737,0.14448832063497974,-0.5248160634915108,0.531433708793184,0.5913534910600728,-0.5070568894170691
SYN087,SYN092,1123,0.19801603458881722,0.17290458774697925,0.870379158443176,0.8121271225837174,0.7099585492155586,0.827853512503225
SYN087,SYN095,1213,0.18317986869215855,0.17325031621341003,0.3567334114519247,0.7496821204021643,0.7094319539741004,0.34012801087187144
SYN088,SYN091,2350,0.18518074960151662,0.19871804518897007,-0.6809261605993393,0.7499909299909394,0.8071303021269713,-0.679600943813743
SYN088,SYN094,1137,0.14214587280530344,0.15984447544826186,-0.6099223231841637,0.5718355435748856,0.6453057717658995,-0.6131808723039157
SYN088,SYN095,2350,0.24004577576526473,0.2239789615831433,0.822676598551438,0.9822118415742682,0.9153744180534767,0.7834375252526301
SYN089,SYN093,2274,0.12097858949931922,0.13034583979952516,-0.45356213437079185,0.49058398124741043,0.5302004985059597,-0.46445904809178934
SYN089,SYN094,1177,0.22653850070369014,0.19318582898630632,1.19557219770125,0.9207741091214209,0.7849933971511748,1.1350425055369846
SYN090,SYN092,1159,0.19764403252363474,0.13764810876138986,2.099573212565776,0.8232186791374191,0.5679897874851568,2.0668986241773375
SYN090,SYN096,2253,0.15340839573195708,0.1389659334125534,0.7000396998810033,0.6327947559763282,0.57129624075952,0.7040379864664124
SYN091,SYN094,1137,0.1427817295205591,0.117472018439805,0.8670333608840279,0.574066571176382,0.4724231528449203,0.8487856904023039
SYN091,SYN095,2350,0.1494335176831277,0.15200797011118072,-0.12762073033340132,0.6053808852971568,0.6168910904973903,-0.1371271524785155
SYN092,SYN096,1159,0.07162446588115473,0.10476474236404544,-1.135710495850109,0.287434964680653,0.42183242672269006,-1.1380600745610516
SYN093,SYN094,1177,0.09419809135564518,0.10551421577934252,-0.3916416091994513,0.380635214243111,0.42811272934076156,-0.40211247708492026
SYN094,SYN095,1137,0.15061522035599242,0.1722129995918293,-0.7467928750408104,0.6081201517257321,0.6991185656392771,-0.756314015857584
